label, Action
0,1
1,100
2,15
3,16
4,1st
5,2
6,20
7,21
8,25
9,3
10,30
11,4
12,40
13,5
14,6
15,60
16,7
17,about
18,above
19,accept
20,accepted
21,access
22,across
23,actually
24,addict
25,additional
26,admit
27,affect
28,after
29,after-that
30,again
31,aggro
32,ago
33,agree
34,agreed
35,akela
36,alive
37,all
38,alone
39,already
40,although
41,always
42,amazing
43,amen
44,and
45,angry
46,anniversary
47,another
48,any
49,anything
50,anything-else
51,apologise
52,appear
53,apply
54,appointment
55,area
56,around
57,ask
58,ask-me
59,asleep
60,at-least
61,attract
62,attrition
63,average
64,award
65,away
66,awful
67,baby
68,back
69,background
70,bad
71,bald
72,basically
73,bath
74,battle
75,bbc1
76,bcc
77,be-careful
78,bear
79,beard
80,beautiful
81,beauty
82,because
83,bedsit
84,been
85,before
86,begin
87,behind
88,believe
89,bench
90,benefit
91,best
92,better
93,between
94,billion
95,bin
96,bird
97,birmingham
98,bit
99,bless
100,block
101,body
102,bond
103,book
104,booked
105,born
106,born-(alternative)
107,borrow
108,both
109,bought
110,boyfriend
111,brass
112,brave
113,break
114,breakfast
115,brilliant
116,bring
117,broken
118,brother
119,brought
120,build
121,building
122,building-site
123,business
124,busy
125,but
126,buy
127,buying
128,bye
129,call
130,came
131,can
132,can't
133,cannot
134,car
135,care
136,career
137,careful
138,carry-on
139,cash
140,cast
141,castle
142,cd
143,centre
144,century
145,certain
146,certainly
147,chance
148,change
149,change-(clothes)
150,change-(money)
151,changed
152,charge
153,cheque
154,children
155,choice
156,choose
157,church
158,city
159,cladding
160,class
161,clean
162,clear
163,close
164,clothes
165,clown
166,coffee
167,come
168,come-on
169,coming
170,commit
171,commitment
172,community
173,company
174,complete
175,contact
176,control
177,conversation
178,cool
179,corner
180,corridor
181,couldnt
182,council
183,couple
184,cow
185,create
186,cry
187,crying
188,curtain
189,cut
190,cutting
191,dad
192,daddy
193,daughter
194,day
195,dda
196,deal
197,death
198,decide
199,definition
200,demand
201,department
202,design
203,development
204,diary
205,die
206,difference
207,different
208,direction
209,diy
210,djing
211,dna
212,do
213,doctor
214,document
215,dog
216,dome
217,don't-want
218,down
219,draping
220,dream
221,dress
222,drink
223,drive
224,drug
225,drum
226,dvd
227,dwelling
228,dynamic
229,e-mail
230,each
231,each-other
232,early
233,easy
234,eat
235,eating
236,edge
237,electric
238,embarrass
239,embarrassed
240,emergency
241,empty
242,encourage
243,end
244,enhance
245,enjoy
246,enough
247,environment
248,euro-money
249,ever
250,every
251,every-day
252,everybody
253,everyone
254,everything
255,exact
256,excellent
257,excited
258,excuse
259,excuse-me
260,expensive
261,express
262,extra
263,eye
264,face
265,fact
266,fade
267,fair
268,faith
269,fall
270,family
271,fantastic
272,far
273,fast
274,faster
275,father
276,fault
277,fax
278,february
279,feel
280,fell
281,felt
282,few
283,fight
284,finally
285,find
286,fine
287,firm
288,first
289,first-one
290,fit
291,five
292,flat
293,focus
294,foot
295,for
296,force
297,forget
298,forget-it
299,forward
300,four
301,freedom
302,fresh
303,friend
304,friends
305,from
306,front
307,full
308,fun
309,furniture
310,further
311,future
312,get
313,get-on
314,girl
315,girlfriend
316,give
317,give-up
318,glad
319,go
320,go-(directional)
321,go-out
322,god
323,good
324,goodbye
325,gospel
326,got
327,got-it
328,great
329,grill
330,group
331,grow
332,guarantee
333,habit
334,hair
335,hang
336,happen
337,happy
338,hard
339,have
340,have-to
341,he
342,hear
343,heart
344,heat
345,hell
346,help
347,her
348,here
349,high
350,him
351,hit
352,home
353,hope
354,hot
355,hot-water
356,hour
357,house
358,housing
359,how
360,how-long
361,how-you
362,html
363,http
364,hungry
365,i-f
366,i-know
367,idea
368,identify
369,idiot
370,if
371,ignore
372,important
373,impossible
374,in
375,in-the-middle
376,in-the-past
377,inbox
378,income
379,innovative
380,interact
381,interactive
382,interest
383,interested
384,interested-in
385,introduce
386,ipod
387,iron
388,is-that-all
389,isp
390,issue
391,it
392,italian
393,itv
394,jesus
395,joke
396,jump
397,just
398,keep
399,key
400,kick
401,kid
402,kill
403,kind
404,kiss
405,kitchen
406,knew
407,know
408,krill
409,lahar
410,language
411,laptop
412,last
413,last-month
414,last-one
415,last-time
416,last-year
417,late
418,later
419,latte
420,launch
421,leasehold
422,leave
423,left
424,lesson
425,let
426,let-(squash)
427,letter
428,lie
429,life
430,lifestyle
431,lift
432,light
433,like
434,line
435,listen
436,little
437,live
438,live-here
439,load
440,loads
441,local
442,location
443,london
444,long
445,long-time
446,look
447,lord
448,lose
449,lost
450,lot
451,lots
452,love
453,lovely
454,lucky
455,luxury
456,made
457,mail
458,mailto
459,main
460,make
461,making
462,male
463,man
464,many
465,mark
466,market
467,marketing
468,married
469,marry
470,material
471,matt
472,matter
473,may
474,maybe
475,mdf
476,me
477,mean
478,meet
479,meeting
480,men
481,mentor
482,message
483,metal
484,middle
485,might
486,million
487,mind
488,mine
489,ministry
490,minute
491,miss
492,missing
493,mix
494,mle
495,moan
496,model
497,modern
498,monday
499,money
500,month
501,more
502,morning
503,most
504,mother
505,move
506,much
507,mum
508,must
509,my
510,name
511,nand
512,need
513,negative
514,never
515,new
516,news
517,next
518,next-2
519,nice
520,no
521,not
522,not-enough
523,nothing
524,now
525,number
526,nut
527,nvq
528,obvious
529,october
530,off
531,offer
532,often
533,old
534,on
535,one
536,only
537,or
538,or-not
539,other
540,other-side
541,our
542,out
543,outside
544,over
545,over-2
546,own
547,p-w
548,pal
549,parent
550,park
551,part
552,part-of
553,past
554,pasta
555,patch
556,path
557,pay
558,people
559,perfect
560,person
561,photo
562,photography
563,pick
564,place
565,please
566,plenty
567,point
568,poo
569,poor
570,post
571,praise
572,pray
573,prepare
574,pretty
575,price
576,probably
577,professional
578,project
579,promise
580,proper
581,property
582,prove
583,purchase
584,push
585,put
586,put-in
587,question
588,quick
589,quite
590,range
591,rare
592,read
593,ready
594,realise
595,really
596,recently
597,recommend
598,recycling
599,redirect
600,refurbishment
601,refuse
602,regularly
603,relax
604,remember
605,replace
606,require
607,research
608,resistance
609,rest
610,return
611,right
612,right-me
613,river
614,road
615,rock
616,romance
617,roof
618,room
619,round
620,run
621,running
622,s-q
623,s-t
624,safe
625,said
626,sales
627,same
628,sass
629,save
630,say
631,seamount
632,seat
633,see
634,see-you
635,see-you-later
636,sell
637,send
638,separate
639,seperate
640,service
641,session
642,settle
643,seven
644,shame
645,share
646,she
647,shh
648,shoot
649,shop
650,shopping
651,shopping-centre
652,short
653,should
654,show
655,silver
656,since
657,sing
658,single
659,sister
660,sit
661,sit-down
662,six
663,sleep
664,sleeping
665,slowly
666,so
667,sock
668,sofa
669,sold
670,solid
671,some
672,someone
673,something
674,sometimes
675,somewhere
676,son
677,sorry
678,sort
679,source
680,space
681,speak
682,speed
683,spend
684,spine
685,sport
686,sports
687,stairs
688,stance-(cricket)
689,stand
690,standard
691,start
692,state
693,stay
694,steal
695,stop
696,story
697,strange
698,street
699,strong
700,success
701,sum
702,supply
703,suppose
704,sure
705,surprise
706,surprised
707,sysop
708,system
709,take
710,take-care
711,talk
712,tap
713,teach
714,tell
715,temptation
716,ten
717,term
718,thank-you
719,thanks
720,that
721,them
722,then
723,there
724,there-is
725,these
726,they
727,thing
728,things
729,think
730,think-about
731,this
732,this-is
733,those
734,thought
735,three
736,through
737,time
738,tired
739,to
740,to-2
741,today
742,together
743,toilet
744,tommorrow
745,tomorrow
746,too
747,too-busy
748,too-much
749,too-short
750,top
751,touch
752,tough
753,tower
754,train
755,transform
756,travel
757,trna
758,trust
759,trust-me
760,truth
761,try
762,turn
763,two
764,under
765,understand
766,up
767,upstairs
768,urban
769,us
770,use
771,used-to
772,value
773,various
774,view
775,visit
776,visualise
777,wait
778,waiting
779,wake-up
780,walk
781,want
782,war
783,was-born
784,wash
785,watch
786,water
787,way
788,wealthy
789,wear
790,weird
791,well
792,what
793,what?
794,when
795,where
796,which
797,while
798,who
799,whole
800,why
801,wii
802,wiki
803,will
804,win
805,window
806,wise
807,with
808,within
809,without
810,wonder
811,word
812,work
813,world
814,worry
815,worse
816,worth
817,would
818,wow
819,write
820,written
821,wrong
822,xor
823,yard
824,year
825,yes
826,yesterday
827,you
828,you-all
829,you-drink
830,you-know
831,you-understand
832,young
833,your
834,yours
835,yourself
836,10
837,12
838,18
839,18th
840,200
841,29
842,3rd
843,8
844,abroad
845,absolutely
846,achievement
847,advantage
848,advertise
849,affair
850,afraid
851,africa
852,afternoon
853,age
854,ah
855,air
856,allow
857,allowed
858,almost
859,also
860,america
861,among
862,ancient
863,answer
864,anthem
865,anyone
866,arch
867,architecture
868,aspect
869,assembly
870,band
871,bank
872,base
873,basement
874,bbc2
875,beam
876,bed
877,bell
878,below
879,biceps
880,big
881,bill
882,blue
883,boat
884,bold
885,boom
886,bottom
887,bowl
888,box
889,breathe
890,bridge
891,bristol
892,britain
893,british
894,broke
895,brown
896,brush
897,builder
898,burn
899,burst
900,by
901,cabbage
902,cake
903,calling
904,can-you
905,canal
906,candle
907,candles
908,card
909,carpet
910,carriage
911,carry
912,casting
913,catch
914,ceiling
915,celebrate
916,chain
917,chair
918,chapel
919,cheese
920,china
921,circular
922,circus
923,clever
924,cliff
925,climb
926,clock
927,coach
928,coal
929,coast
930,coffin
931,cold
932,cold-water
933,collect
934,colour
935,comfort
936,compare
937,confidence
938,congregation
939,connect
940,connected-to
941,consumer
942,contain
943,contrast-(2)
944,cook
945,copper
946,copy
947,cornwall
948,cost
949,cottage
950,cotton
951,could
952,country
953,country-house
954,countryside
955,course
956,court
957,cousin
958,cream
959,cross
960,crown
961,cruel
962,crush
963,culture
964,cup
965,daily
966,damp
967,dance
968,dancing
969,danger
970,dangerous
971,dark
972,date
973,decline
974,deep
975,describe
976,designer
977,dessert
978,detail
979,determine
980,develop
981,developer
982,dig
983,dimension
984,dimension-(2)
985,din
986,discipline
987,discover
988,dishwasher
989,divide
990,dizzy
991,door
992,dramatic
993,draw
994,drill
995,driving
996,dry
997,dublin
998,duck
999,dumb
1000,during
1001,dust
1002,earth
1003,earth-(planet)
1004,earthquake
1005,ecg
1006,echo
1007,egg
1008,eight
1009,either
1010,energy
1011,engaged
1012,engine
1013,engineer
1014,england
1015,english
1016,entrance
1017,equal
1018,equivalent
1019,establish
1020,europe
1021,even
1022,example
1023,except
1024,exchange
1025,expand
1026,famous
1027,fashion
1028,fashionable
1029,favour
1030,feed
1031,ferry
1032,fibre
1033,field
1034,fill
1035,fill-in
1036,final
1037,fire
1038,fired
1039,flight
1040,flirt
1041,float
1042,flock
1043,flood
1044,flooding
1045,floor
1046,foglight
1047,follow
1048,following
1049,fortune
1050,found
1051,french
1052,fridge
1053,gain
1054,garden
1055,gate
1056,gather
1057,generation
1058,global
1059,gold
1060,goods
1061,gossip
1062,gravy
1063,greece
1064,green
1065,green-(golf)
1066,ground
1067,ground-floor
1068,half
1069,hall
1070,head
1071,heading
1072,heavy
1073,hello
1074,helmet
1075,hero
1076,hill
1077,history
1078,hold
1079,hole
1080,horse
1081,host
1082,huge
1083,husband
1084,imagine
1085,improve
1086,in-a-way
1087,individual
1088,industrial-revolution
1089,industry
1090,inside
1091,instead
1092,interior-design
1093,invent
1094,ireland
1095,italy
1096,jam
1097,job
1098,kenya
1099,kingdom
1100,labour
1101,lake
1102,land
1103,landscape
1104,latest
1105,law
1106,lead
1107,leader
1108,leading
1109,learn
1110,led
1111,legal
1112,length
1113,level
1114,library
1115,lightning
1116,lion
1117,lock
1118,look-after
1119,look-like
1120,machine
1121,machinery
1122,maintain
1123,manufacture
1124,me-with
1125,measure
1126,meeting-room
1127,methodist
1128,mineral
1129,minimum
1130,mining
1131,mirror
1132,mud
1133,music
1134,myself
1135,narrow
1136,national
1137,natural
1138,nature
1139,near
1140,need-for
1141,nervous
1142,network
1143,night
1144,nightmare
1145,no-idea
1146,noise
1147,normal
1148,north
1149,notice
1150,octal
1151,odd
1152,of-course
1153,ok
1154,oldest
1155,once
1156,onwards
1157,open
1158,optimise
1159,order
1160,ore
1161,organiser
1162,pace
1163,paint
1164,painting
1165,paper
1166,papers
1167,parade
1168,parsing
1169,partition
1170,pass
1171,peace
1172,pence
1173,penny
1174,pipe
1175,plain
1176,plan
1177,plaster
1178,play
1179,playground
1180,plunge-pool
1181,plymouth
1182,population
1183,possible
1184,power
1185,preaching
1186,pride
1187,princess
1188,problem
1189,process
1190,procross
1191,produce
1192,programme
1193,properly
1194,provide
1195,pull
1196,pulpit
1197,pump
1198,purple
1199,quarter
1200,queen
1201,quiet
1202,rather
1203,reach
1204,real
1205,reason
1206,reduce
1207,register
1208,religion
1209,remove
1210,repeat
1211,restore
1212,result
1213,rgb
1214,rich
1215,right-through
1216,roll
1217,roman
1218,rope
1219,rose
1220,route
1221,row
1222,rule
1223,rural
1224,safety
1225,sandwich
1226,scale
1227,scene
1228,science
1229,score
1230,sea
1231,search
1232,season
1233,seem
1234,sense
1235,serve
1236,set
1237,shaft
1238,shall
1239,shape
1240,ship
1241,shout
1242,shouting
1243,side
1244,silk
1245,simplify
1246,skin
1247,slave
1248,slip
1249,small
1250,smell
1251,smtp
1252,social
1253,society
1254,solution
1255,sound
1256,soup
1257,south
1258,special
1259,spoke
1260,spoon
1261,spring
1262,square
1263,staircase
1264,statement
1265,station
1266,statue
1267,steam
1268,steel
1269,still
1270,stone
1271,store
1272,storm
1273,strength
1274,strike
1275,structure
1276,style
1277,successful
1278,sugar
1279,summer
1280,support
1281,suspension
1282,swim
1283,swimming
1284,swimming-pool
1285,swindon
1286,table
1287,taste
1288,taxi
1289,tea
1290,technique
1291,temple
1292,terrace-house
1293,test-t
1294,their
1295,third
1296,thousand
1297,thousands-of-people
1298,throw
1299,thunder
1300,tie
1301,till
1302,tin
1303,to-build
1304,took
1305,tour
1306,town
1307,track
1308,trade
1309,traffic
1310,transport
1311,tree
1312,trend
1313,true
1314,tube
1315,two-more
1316,um
1317,uniform
1318,united
1319,until
1320,valley
1321,version
1322,victory
1323,violent
1324,vision
1325,waiter
1326,wales
1327,walking
1328,wall
1329,wallpaper
1330,warm
1331,weight
1332,welcome
1333,west
1334,whistle
1335,white
1336,wide
1337,wife
1338,wifi
1339,winter
1340,wok
1341,wonderful
1342,wood
1343,wood-(golf)
1344,working
1345,24
1346,50
1347,able
1348,accident
1349,address
1350,against
1351,all-of-them
1352,all-the-time
1353,am
1354,amazed
1355,announce
1356,anyway
1357,apart
1358,archbishop
1359,around-the-world
1360,article
1361,at-the-back
1362,atmosphere
1363,attention
1364,available
1365,aware
1366,baptism
1367,batter
1368,bid
1369,bite
1370,black
1371,blood
1372,bother
1373,burden
1374,bush
1375,cabinet
1376,camera
1377,candiate
1378,caught
1379,chat
1380,chip
1381,christmas
1382,clap
1383,cloning
1384,closed
1385,club
1386,college
1387,collegue
1388,completely-different
1389,consider
1390,county
1391,cover
1392,crazy
1393,damage
1394,decision
1395,declare
1396,deliver
1397,died
1398,difficult
1399,dining-room
1400,dinner
1401,dirty
1402,disappear
1403,don't-like
1404,done
1405,durham
1406,duty
1407,earlier
1408,elect
1409,election
1410,escape
1411,eternal
1412,everyday
1413,exercise
1414,experience
1415,fairly
1416,fan
1417,feeling
1418,fence
1419,finish
1420,finished
1421,fish
1422,fish-and-chips
1423,flash
1424,fly
1425,football
1426,full-of
1427,full-time
1428,funny
1429,game
1430,generally
1431,get-off
1432,government
1433,guess
1434,guitar
1435,half-hour
1436,helicopter
1437,holiday
1438,horrible
1439,hospital
1440,human
1441,hurt
1442,image
1443,immediately
1444,increase
1445,interview
1446,iraq
1447,knock-on
1448,know-you
1449,labour-party
1450,landform
1451,large
1452,lawn
1453,lecture
1454,less
1455,loss
1456,lunch
1457,map
1458,marvellous
1459,mass
1460,match
1461,media
1462,mention
1463,mistake
1464,neice
1465,neighbour
1466,next-to
1467,not-sure
1468,note
1469,operation
1470,operator
1471,opportunity
1472,opposition
1473,pack
1474,panic
1475,party
1476,personal
1477,phone
1478,photograph
1479,php
1480,picture
1481,plant
1482,plug
1483,pm
1484,police
1485,politican
1486,politics
1487,poll
1488,pop
1489,posh
1490,position
1491,president
1492,press
1493,priest
1494,prime-minister
1495,proud
1496,pub
1497,pyjamas
1498,quran
1499,reaction
1500,reboot
1501,recent
1502,reception
1503,recognise
1504,regular
1505,relationship
1506,relocate
1507,report
1508,represent
1509,results
1510,retire
1511,ring
1512,role
1513,romania
1514,saw
1515,say-tell
1516,school
1517,secret
1518,security
1519,select
1520,several
1521,shake
1522,sign
1523,sit-next
1524,situation
1525,size
1526,slot
1527,smile
1528,soldier
1529,speech
1530,spot
1531,star
1532,step
1533,stepmother
1534,stick
1535,straight
1536,stranger
1537,stress
1538,stuck
1539,suit
1540,sun
1541,surreal
1542,survey
1543,team
1544,technology
1545,telephone
1546,television
1547,tennis
1548,therefore
1549,told
1550,tongue
1551,tonight
1552,total
1553,unfortunately
1554,university
1555,video
1556,wave
1557,wedding
1558,weekend
1559,witness
1560,worship
1561,wound
1562,youngest
1563,11
1564,14
1565,8th
1566,abolish
1567,admin
1568,afford
1569,all-right
1570,anybody
1571,appreciate
1572,arm
1573,assess
1574,assessment
1575,at-the-moment
1576,attack
1577,autism
1578,avoid
1579,back-up
1580,bag
1581,barbecue
1582,beer
1583,birth
1584,bones
1585,boot
1586,boy
1587,bright
1588,bus
1589,bust
1590,butterfly
1591,cartoon
1592,case
1593,cause
1594,chicken
1595,child
1596,chilly
1597,christ
1598,concept
1599,condition
1600,creative
1601,degree
1602,disable
1603,disabled
1604,disgust
1605,dish
1606,documentation
1607,domestic
1608,downstairs
1609,education
1610,effect
1611,ensure
1612,evening
1613,exit
1614,expect
1615,fat
1616,fear
1617,fiance
1618,file
1619,fire-exit
1620,for-you
1621,forever
1622,form
1623,friendship
1624,gift
1625,got-on
1626,half-past
1627,hand
1628,have-a-look-at
1629,how-many
1630,i'm-happy
1631,i-understand
1632,ill
1633,information
1634,inspiration
1635,invert
1636,invite-you
1637,knock
1638,laugh
1639,left-hand-side
1640,lighting
1641,like-not
1642,list
1643,look-for
1644,mad
1645,medical
1646,momentum
1647,moon
1648,mostly
1649,mummy
1650,muscle
1651,nearly
1652,neck
1653,new-build
1654,next-door
1655,next-year
1656,nine
1657,no-matter
1658,no-way
1659,not-yet
1660,officer
1661,olympics
1662,over-there
1663,overdue
1664,overtake
1665,pick-up
1666,pizza
1667,positive
1668,postman
1669,potential
1670,pregnant
1671,preview
1672,prison
1673,public
1674,purse
1675,rat
1676,rebel
1677,receive
1678,reference
1679,regenerate
1680,relevant
1681,relieve
1682,residential
1683,sad
1684,sail
1685,scared
1686,scarf
1687,script
1688,seal
1689,series
1690,serious
1691,silly
1692,sms
1693,snapshot
1694,solve
1695,soon
1696,spider
1697,spirit
1698,spotting
1699,subject
1700,suffer
1701,suitable
1702,sweet
1703,teeth
1704,throat
1705,top-floor
1706,trip
1707,trousers
1708,ward
1709,warehouse
1710,washing
1711,week
1712,weigh
1713,wet
1714,what-time
1715,windy
1716,wire
1717,woman
1718,worm
1719,yellow
1720,younger
1721,your-own
1722,17
1723,20th
1724,9
1725,a-long-time-ago
1726,account
1727,accounts
1728,achieve
1729,add
1730,adviser
1731,ahead
1732,all-go
1733,anticipate
1734,bar
1735,basic
1736,bathroom
1737,beg
1738,border
1739,broom
1740,bury
1741,calendar
1742,chapter
1743,charity
1744,cinema
1745,clip
1746,clue
1747,clutch
1748,colleague
1749,concentrate
1750,concern
1751,congratulations
1752,contract
1753,creep
1754,crisis
1755,cucumber
1756,cushion
1757,depressed
1758,deterioration
1759,diamond
1760,do-not
1761,doubt
1762,drop
1763,dying
1764,earn
1765,east
1766,economics
1767,elevation
1768,enable
1769,ergonomics
1770,especially
1771,everywhere
1772,fag
1773,fail
1774,failure
1775,fancy
1776,figure
1777,finance
1778,food
1779,footage
1780,fork
1781,funds
1782,gas
1783,get-up
1784,glass
1785,gone
1786,gps
1787,hey
1788,hippie
1789,hmmm
1790,honest
1791,how-are-you
1792,how-are-you?
1793,how-much
1794,hundred
1795,inherited
1796,injury
1797,instead-of
1798,interesting
1799,involve
1800,knife
1801,leave-you-alone
1802,long-time-ago
1803,look-forward-to
1804,low
1805,luck
1806,mate
1807,motor
1808,next-week
1809,nice-to-meet-you
1810,no-no
1811,owner
1812,pay-off
1813,per
1814,perspective
1815,plus
1816,prayer
1817,present
1818,procedure
1819,quit
1820,race
1821,radius
1822,raise
1823,red
1824,release
1825,rely
1826,respect
1827,restaurant
1828,retirement
1829,retreat
1830,risk
1831,rubbish
1832,sacrifice
1833,seed
1834,september
1835,skeleton
1836,skirt
1837,sky
1838,stack
1839,stick-to
1840,struggle
1841,stubborn
1842,survival
1843,survive
1844,tax
1845,tear
1846,tempting
1847,to-3
1848,trouble
1849,type
1850,uterus
1851,wardrobe
1852,watersports
1853,weak
1854,wednesday
1855,well-done
1856,wicked
1857,wine
1858,wish
1859,22
1860,2nd
1861,45
1862,agreement
1863,aim
1864,amend
1865,anger
1866,arrive
1867,art
1868,associate
1869,assume
1870,at-last
1871,audio
1872,bacon
1873,behaviour
1874,boring
1875,bottle
1876,bribe
1877,call-me
1878,calm
1879,cam
1880,carpenter
1881,central
1882,challenge
1883,check
1884,client
1885,congress
1886,crime
1887,dear
1888,delegate
1889,delicious
1890,depart
1891,depleted
1892,depth
1893,desire
1894,desperate
1895,director
1896,discrimination
1897,discuss
1898,eject
1899,executive
1900,explain
1901,flower
1902,fold
1903,forgot
1904,frame
1905,free
1906,fry
1907,funeral
1908,gang
1909,ginger
1910,happened
1911,hat
1912,heard
1913,heart-attack
1914,height
1915,hide
1916,how-often
1917,how-old
1918,impressed
1919,include
1920,last-night
1921,lemon
1922,let-you-know
1923,lettuce
1924,liverpool
1925,major
1926,manage
1927,mature
1928,mmm
1929,motorway
1930,niece
1931,no-problem
1932,office
1933,offside
1934,oil
1935,olive-oil
1936,one-person
1937,oral
1938,pea
1939,pear
1940,perhaps
1941,pie
1942,pitch
1943,plate
1944,pluto-(planet)
1945,practise
1946,precision
1947,prefer
1948,presentation
1949,pretend
1950,primary
1951,rabbit
1952,rate
1953,record
1954,reel
1955,remind
1956,reverse
1957,salad
1958,schedule
1959,second
1960,see-you-tomorrow
1961,sex
1962,sick
1963,sink
1964,smart
1965,soft
1966,staff
1967,string
1968,suggest
1969,sunday
1970,switch
1971,territory
1972,ticket
1973,told-me
1974,tomato
1975,tool
1976,venue
1977,voice
1978,washing-up
1979,wrap
1980,wreck
1981,zone
1982,abuse
1983,action
1984,advice
1985,advise
1986,anywhere
1987,apple
1988,arrange
1989,arrangement
1990,arrest
1991,artery
1992,assist
1993,assure
1994,attitude
1995,attractive
1996,awareness
1997,balloon
1998,basketball
1999,belt
2000,bike
2001,birthday
2002,bleed
2003,board
2004,boss
2005,buzzer
2006,cancel
2007,cheap
2008,chemistry
2009,clamp
2010,clinic
2011,clinical
2012,collapse
2013,comment
2014,committee
2015,common
2016,competition
2017,complain
2018,complaining
2019,complaint
2020,conflict
2021,confused
2022,constant
2023,constantly
2024,continue
2025,contribute
2026,cooking
2027,count
2028,crash
2029,creation
2030,crossed
2031,cure
2032,damn
2033,dead
2034,defer
2035,delay
2036,destarch
2037,destroy
2038,devil
2039,disagree
2040,disappoint
2041,disappointed
2042,distance
2043,divorce
2044,ear
2045,ebay
2046,elbow
2047,emotional
2048,enemy
2049,enjoy-i
2050,evidence
2051,exeter
2052,factor
2053,familiar
2054,finger
2055,fool
2056,funding
2057,grow-up
2058,guillotine
2059,guilty
2060,gut
2061,help-me
2062,herself
2063,hurry
2064,i'm-sorry
2065,i-don't-understand
2066,in-touch
2067,infection
2068,influence
2069,inform
2070,initiative
2071,insurance
2072,investigate
2073,journal
2074,knitting
2075,know-her
2076,landing
2077,last-but-not-least
2078,last-week
2079,leak
2080,limit
2081,link
2082,loud
2083,magic
2084,mask
2085,meat
2086,medicine
2087,mess
2088,minicom
2089,mobile-phone
2090,monkey
2091,no-time
2092,nowadays
2093,object
2094,ooo
2095,operate
2096,partner
2097,pen
2098,permanent
2099,persuade
2100,potato
2101,prince
2102,priority
2103,proposal
2104,pulsar
2105,pulse
2106,quality
2107,reading
2108,receipt
2109,resign
2110,review
2111,saatchi
2112,sac
2113,sand
2114,screw
2115,sent
2116,separation
2117,sharp
2118,shoe
2119,shoes
2120,simple
2121,smoking
2122,solicitor
2123,sometime
2124,spin
2125,stable
2126,stake
2127,steady
2128,stomach
2129,stupid
2130,swallow
2131,swap
2132,swing
2133,text
2134,theatre
2135,training
2136,transfer
2137,trial
2138,trick
2139,trolley
2140,upset
2141,user-(2)
2142,usual
2143,volunteer
2144,waste
2145,whisper
2146,wind
2147,you're-welcome
2148,achieved
2149,adventure
2150,ambition
2151,annual
2152,apartment
2153,attach
2154,attraction
2155,ball
2156,bet
2157,both-of-us
2158,bounce
2159,budget
2160,button
2161,calm-down
2162,can-i-play?
2163,cloud
2164,communicate
2165,communication
2166,cruise
2167,cyprus
2168,drama
2169,drunk
2170,eleven
2171,embarrased
2172,enter
2173,face-to-face
2174,favourite
2175,feast
2176,fix
2177,forbidden
2178,free-kick
2179,gave
2180,glasses
2181,glove
2182,ham
2183,hate
2184,hobby
2185,horizon
2186,hug
2187,join
2188,let-me-see
2189,midnight
2190,mop
2191,muslim
2192,nasty
2193,nobody
2194,none
2195,packed
2196,pakistan
2197,piano
2198,planning
2199,plenty-of
2200,print
2201,proximity
2202,pure
2203,rain
2204,raining
2205,resolution
2206,right-hand-side
2207,root
2208,roots
2209,sale
2210,search-for
2211,smashing
2212,sperm
2213,split
2214,steak
2215,tab-(2)
2216,tape
2217,tape-measure
2218,tiny
2219,tv
2220,twelve
2221,ugly
2222,underneath
2223,vodka
2224,weather
2225,wee
2226,19
2227,ambulance
2228,appropriate
2229,backbone
2230,belief
2231,bitter
2232,bored
2233,burrow
2234,cancelled
2235,carbohydrate
2236,catch-up
2237,cellar
2238,certificate
2239,chew
2240,choir
2241,command
2242,commentary
2243,crack
2244,cracking
2245,defend
2246,deny
2247,dependent
2248,dole
2249,drown
2250,envy
2251,fake
2252,film
2253,flag
2254,fracking
2255,grave
2256,imagination
2257,jealous
2258,jog
2259,juice
2260,log-off
2261,me-with-you
2262,memory
2263,method
2264,mobile
2265,move-back
2266,naturally
2267,new-york
2268,occasionally
2269,one-more
2270,opposite
2271,performance
2272,powerful
2273,pretty-good
2274,queue
2275,ran
2276,relief
2277,retail
2278,rewind
2279,rub
2280,sausage
2281,scream
2282,terrible
2283,title
2284,toast
2285,toe
2286,twice
2287,twins
2288,twist
2289,useful
2290,variation
2291,warning
2292,way-out
2293,york
2294,13th
2295,14th
2296,19th
2297,act
2298,adopt
2299,agile
2300,altogether
2301,army
2302,artificial
2303,artist
2304,audience
2305,audition
2306,avenue
2307,banned
2308,beggar
2309,blame
2310,brain
2311,breed
2312,brief
2313,butte
2314,camp
2315,capital
2316,capture
2317,chef
2318,chopping
2319,christmas-eve
2320,cigarettes
2321,comfortable
2322,content
2323,continuity
2324,crowd
2325,dancer
2326,deafened
2327,demonstration
2328,dictionary
2329,diet
2330,emerge
2331,enjoyed
2332,enlightenment
2333,enormous
2334,fairy
2335,female
2336,flame
2337,flow
2338,freeze
2339,friday
2340,frozen
2341,functional
2342,genius
2343,gouache
2344,graffiti
2345,grandfather
2346,grandmother
2347,guide
2348,heritage
2349,hi
2350,hotel
2351,independent
2352,international
2353,jewish
2354,june
2355,left-behind
2356,leg
2357,lighthouse
2358,magnet
2359,march
2360,meaning
2361,mechanics
2362,melt
2363,melting
2364,movement
2365,museum
2366,november
2367,organic
2368,original
2369,outdent
2370,painter
2371,paris
2372,period
2373,philosophy
2374,pink
2375,popular
2376,pot
2377,pov
2378,precedent
2379,projector
2380,publish
2381,rachel
2382,refresh
2383,rent
2384,scheme
2385,screen
2386,section
2387,setting
2388,shower
2389,sight
2390,silence
2391,singer
2392,singing
2393,site
2394,slim
2395,so-called
2396,song
2397,sour
2398,spain
2399,spanish
2400,starving
2401,status
2402,studio
2403,symbol
2404,tall
2405,tension
2406,the-earth
2407,the-promise
2408,theme
2409,thin
2410,traditional
2411,troop
2412,twisting
2413,underground
2414,update
2415,very-slim
2416,wheel
2417,whip
2418,wild
2419,writer
2420,youth
2421,4th
2422,500
2423,a-number-of
2424,abduction
2425,accent
2426,adult
2427,advanced
2428,advertising
2429,alcohol
2430,architect
2431,around-here
2432,aunt
2433,barage
2434,beat
2435,beyond
2436,bomb
2437,buckle
2438,captain
2439,car-park
2440,caretaker
2441,carrier
2442,catholic
2443,central-heating
2444,character
2445,charity-shop
2446,chocolate
2447,claim
2448,clash
2449,climate
2450,clipboard
2451,coat
2452,coin
2453,comedy
2454,complicate
2455,complicated
2456,conference
2457,contemplate
2458,cord
2459,correct
2460,cupboard
2461,desk
2462,detective
2463,division
2464,dna-sample
2465,doll
2466,draft
2467,drain
2468,edinburgh
2469,effort
2470,electricity
2471,exploit
2472,extinct
2473,flute
2474,forty
2475,friendly
2476,fur
2477,garage
2478,grey
2479,half-pint
2480,hare
2481,health
2482,hide-and-seek
2483,hometown
2484,hunt
2485,illegal
2486,infant
2487,interpret
2488,isolate
2489,king
2490,knowledge
2491,legend
2492,linked-to
2493,longdesc
2494,mantle
2495,member
2496,mile
2497,mountain
2498,murder
2499,nor
2500,on-the-other-hand
2501,option
2502,oxford
2503,page
2504,panoramic
2505,pattern
2506,pet
2507,picnic
2508,pint
2509,plane
2510,plot
2511,police-officer
2512,policeman
2513,postgraduate
2514,pour
2515,preside
2516,previous
2517,protestant
2518,rarely
2519,recommendend
2520,reflect
2521,reflection
2522,reject
2523,retired
2524,rumour
2525,scotland
2526,scripture
2527,seek
2528,self
2529,seventeen
2530,shabby
2531,signal
2532,sixty
2533,slide
2534,snow
2535,span
2536,stare
2537,storey
2538,student
2539,sunday-school
2540,surface
2541,suspect
2542,tabloid
2543,tank
2544,teacher
2545,teenager
2546,temperature
2547,tight
2548,towel
2549,train-station
2550,triangle
2551,tunnel
2552,twenty
2553,uncle
2554,union
2555,usually
2556,van
2557,vault
2558,volcanic
2559,volcano
2560,witch
2561,26
2562,27
2563,adapt
2564,aggressive
2565,animal
2566,appalling
2567,behave
2568,bone
2569,buffalo
2570,buggy
2571,bull
2572,cat
2573,cheetah
2574,circle
2575,compete
2576,dart
2577,density
2578,direct
2579,dive
2580,farm
2581,farmer
2582,flooded
2583,flying
2584,fracture
2585,get-through-to
2586,good-morning
2587,grass
2588,healing
2589,improvement
2590,lorry
2591,milk
2592,mixture
2593,monitor
2594,not-allowed
2595,oxygen
2596,pause
2597,pilot
2598,plastic
2599,predator
2600,pressure
2601,prey
2602,protection
2603,pulse-rate
2604,radio
2605,really-bad
2606,shade
2607,sleepy
2608,slow
2609,slower
2610,sore
2611,south-africa
2612,spray
2613,stand-by
2614,stink
2615,straight-on
2616,supper
2617,suspicious
2618,tail
2619,thick
2620,this-year
2621,timeline
2622,tissue
2623,tourism
2624,truck
2625,tummy
2626,underweight
2627,vet
2628,walk-in-(cricket)
2629,wildlife
2630,5th
2631,accurate
2632,agriculture
2633,angle
2634,argument
2635,balance
2636,beef
2637,boundary
2638,brake
2639,brexit
2640,cable
2641,cafe
2642,capturing
2643,cart
2644,chilli
2645,chip-(golf)
2646,chips
2647,climbing
2648,commision
2649,commission
2650,credit
2651,crucial
2652,customise
2653,different-kinds
2654,display
2655,district
2656,elderly
2657,elephant
2658,entertainment
2659,fault-line
2660,fertile
2661,fifth
2662,firing
2663,fitting
2664,for-a-while
2665,fourteen
2666,fried
2667,fuel
2668,garlic
2669,gathering
2670,globe
2671,gun
2672,have-not
2673,helpful
2674,hindu
2675,horror
2676,inch
2677,india
2678,indian
2679,lady
2680,like-2
2681,lollipop
2682,maverick
2683,migration
2684,musician
2685,newcastle
2686,newspaper
2687,nose
2688,on-line
2689,pants
2690,pick-me
2691,polish
2692,proportion
2693,razor
2694,recognition
2695,region
2696,relaxed
2697,relaxing
2698,representation
2699,reservoir
2700,ride
2701,right-direction
2702,right-side
2703,rocket
2704,saturn-(planet)
2705,scooter
2706,see-there
2707,set-up
2708,shelter
2709,shine
2710,sikh
2711,snake
2712,snooker
2713,sound-like
2714,spade
2715,spell
2716,stations
2717,stretch
2718,superficial
2719,switzerland
2720,terms
2721,translate
2722,turky
2723,usher
2724,very-far
2725,village
2726,wiring
2727,wolverhampton
2728,1000000
2729,15th
2730,16th
2731,70
2732,9th
2733,abandon
2734,abandoned
2735,absurd
2736,accuse
2737,accused
2738,afterwards
2739,airport
2740,ancestors
2741,appeal
2742,appoint
2743,april
2744,argue
2745,arguing
2746,asia
2747,assistant
2748,august
2749,batten
2750,broadcast
2751,bungalow
2752,butter
2753,chase
2754,chasing
2755,christian
2756,column
2757,communications
2758,comparison
2759,concentration
2760,conscious
2761,cosmopolitan
2762,crawl
2763,cut-off
2764,depend-on
2765,deploy
2766,dot
2767,driver
2768,endangered
2769,evaporate
2770,eventually
2771,foreign
2772,furious
2773,guard
2774,guard-(cricket)
2775,handsome
2776,harmony
2777,however
2778,ice
2779,impact
2780,import
2781,indicator
2782,informal
2783,integrate
2784,invite
2785,iron-rod
2786,joining
2787,july
2788,league
2789,lipread
2790,lonely
2791,manager
2792,master
2793,maximum
2794,mount
2795,my-name-is
2796,navy
2797,negotiate
2798,offering
2799,one-million
2800,patrol
2801,peacefully
2802,personality
2803,prevent
2804,protect
2805,read-through
2806,religious
2807,reply
2808,reporter
2809,responsability
2810,spear
2811,spread
2812,stamp
2813,stood
2814,study
2815,sweat
2816,take-away
2817,taps
2818,terrified
2819,thirsty
2820,throwing
2821,tiger
2822,timetable
2823,transportation
2824,uncertainty
2825,unit
2826,vote
2827,1000
2828,28
2829,aaa
2830,absorb
2831,adverse
2832,agent
2833,all-gone
2834,at-the-front
2835,average-speed
2836,axe
2837,batteries
2838,battery
2839,beach
2840,boil
2841,breaking
2842,bully
2843,calculate
2844,canteen
2845,chalk
2846,codec
2847,common-sense
2848,concrete
2849,conduct
2850,contractor
2851,crane
2852,crop
2853,dam
2854,december
2855,derive-from
2856,devise
2857,differ
2858,dissolve
2859,dos
2860,dozen
2861,drip
2862,dune
2863,electronics
2864,element
2865,essential
2866,estimate
2867,event
2868,excavate
2869,exposure
2870,factory
2871,fifteen
2872,flexible
2873,fog
2874,font
2875,formation
2876,formula
2877,frightening
2878,gauge
2879,germany
2880,go-ahead
2881,govern
2882,grant
2883,handicap
2884,headline
2885,highway
2886,hire
2887,instantly
2888,jaguar
2889,jump-(2)
2890,kettle
2891,lettering
2892,long-distance
2893,mercy
2894,minimalist
2895,mock
2896,moisture
2897,nil
2898,noisy
2899,occasion
2900,official
2901,orange
2902,organisation
2903,originally
2904,ours
2905,overtime
2906,participate-in
2907,peat
2908,petrol
2909,phenomenon
2910,phrase
2911,police-car
2912,pollution
2913,pound
2914,pram
2915,product
2916,quarter-to
2917,reinforce
2918,roadwork
2919,robot
2920,roundabout
2921,scaffolding
2922,secretary
2923,sheet
2924,shoulder
2925,shovel
2926,sin
2927,skill
2928,smash
2929,soil
2930,spaghetti
2931,spiral
2932,sprint
2933,stadium
2934,strain
2935,sunny
2936,surveyor
2937,that-is-why
2938,topography
2939,tractor
2940,trap
2941,trench
2942,trouser
2943,typeface
2944,un-do
2945,unstable
2946,yorkshire
2947,air-conditioner
2948,bacteria
2949,conservation
2950,cool-down
2951,expert
2952,fussy
2953,get-closer
2954,heaven
2955,latitude
2956,leopard
2957,species
2958,sunset
2959,temporary
2960,test
2961,testing
2962,vary
2963,virus
2964,80
2965,afghanistan
2966,anxious
2967,anymore
2968,attempt
2969,ballet
2970,bargain
2971,branch
2972,casual
2973,cheat
2974,chief
2975,choreographer
2976,choreography
2977,confluence
2978,constitution
2979,cover-up
2980,cricket
2981,current
2982,data
2983,deaf
2984,desert
2985,discount
2986,dispute
2987,disturb
2988,drums
2989,encode
2990,enthusiam
2991,exhibition
2992,fetch
2993,function
2994,funfair
2995,higher
2996,horseback
2997,ie
2998,intellectual
2999,intensity
3000,iran
3001,lazy
3002,middle-east
3003,modernism
3004,observe
3005,package
3006,pain
3007,prophet
3008,puzzle
3009,refining
3010,remote
3011,simply
3012,spoil
3013,starting-price
3014,stray
3015,stream
3016,suicide
3017,sunrise
3018,suspend
3019,suspended
3020,symbolism
3021,theory
3022,thursday
3023,vertical
3024,virtual
3025,agree-with
3026,awake
3027,blanket
3028,brighton
3029,butcher
3030,carnivore
3031,cavity
3032,collar
3033,cortex
3034,disease
3035,download
3036,drag
3037,giraffe
3038,go-around
3039,jab
3040,jump-in
3041,light-off
3042,not-expect
3043,nurse
3044,ocean
3045,peg
3046,pig
3047,pin
3048,saliva
3049,satellite
3050,strategy
3051,target
3052,terrain
3053,tesco
3054,visual
3055,whisky
3056,white-light
3057,6th
3058,aberdeen
3059,bedding
3060,blood-cell
3061,blow
3062,bulb
3063,camera-crew
3064,chart
3065,chin
3066,computer
3067,confirm
3068,curry
3069,deciding
3070,decorating
3071,detached-house
3072,diving
3073,electrolysis
3074,equipment
3075,exhausted
3076,explode
3077,gel
3078,instant
3079,internal
3080,kit
3081,lever
3082,lifeboat
3083,microphone
3084,module
3085,norway
3086,number4
3087,operational
3088,pair
3089,platform
3090,portsmouth
3091,predict
3092,primitive
3093,recover
3094,red-blood-cell
3095,reduction
3096,repair
3097,shampoo
3098,silent
3099,software
3100,sophisticated
3101,stripping
3102,submarine
3103,trash
3104,underwater
3105,weightless
3106,whale
3107,willing
3108,zoom-in
3109,aids
3110,cage
3111,capsize
3112,click
3113,confident
3114,cycle
3115,degrees-centigrade
3116,devops
3117,episode
3118,fib
3119,forecast
3120,freezing
3121,gale
3122,gap
3123,gentle
3124,good-luck
3125,got-me
3126,here-2
3127,i'm-ok
3128,incompatible
3129,instinct
3130,instructor
3131,island
3132,kayak
3133,lizard
3134,look-up
3135,loose
3136,midi
3137,miracle
3138,mouth
3139,nerve
3140,objective
3141,off-line
3142,okay
3143,on-the-left
3144,overcome
3145,paddle
3146,pleased
3147,professor
3148,relaxation
3149,stroke-(squash)
3150,sudden
3151,surf
3152,swimsuit
3153,teaching
3154,tease
3155,technical
3156,thrust
3157,tide
3158,waterfall
3159,with-the-help-of
3160,antibiotic
3161,auction
3162,bedroom
3163,bossy
3164,cape
3165,database
3166,e-learning
3167,easter
3168,fever
3169,first-2
3170,gamble
3171,guest
3172,how-it-goes
3173,hybrid
3174,injection
3175,interaction
3176,naughty
3177,net
3178,nursery
3179,pale
3180,pitched
3181,plumbing
3182,potty
3183,ramp
3184,reserve
3185,savannah
3186,scan
3187,send-off
3188,sensitive
3189,sheep
3190,shepherd
3191,storage
3192,toy
3193,woodwork
3194,www
3195,13
3196,ability
3197,abortion
3198,academic
3199,acceptable
3200,acclaim
3201,acknowledge
3202,active
3203,actor
3204,administration
3205,admire
3206,advocate
3207,agenda
3208,alliance
3209,ally
3210,appeared
3211,application
3212,appointed
3213,approach
3214,asian
3215,attribute
3216,author
3217,axis
3218,bankrupt
3219,betray
3220,cambridge
3221,capacity
3222,cardiff
3223,catalyst
3224,celebrity
3225,chairman
3226,characteristic
3227,climate-change
3228,close-up
3229,cluster
3230,collision
3231,communicator
3232,conclusion
3233,conservative-party
3234,continent
3235,counter
3236,coward
3237,criticise
3238,criticism
3239,currency
3240,debate
3241,defence
3242,demonstrate
3243,departure
3244,derby
3245,destruction
3246,discussion
3247,dynamo
3248,economic
3249,edit
3250,editing
3251,editor
3252,efficiency
3253,egypt
3254,european
3255,evil
3256,evolution
3257,exploration
3258,expression
3259,false
3260,foundation
3261,france
3262,frost
3263,general
3264,generous
3265,german
3266,golf
3267,good-evening
3268,good-night
3269,gorge
3270,grip
3271,growth
3272,grumpy
3273,hammer
3274,handbag
3275,handkerchief
3276,hearing
3277,help-with
3278,hereditary
3279,hook-(golf)
3280,human-right
3281,iconic
3282,in-the-balance
3283,inflation
3284,insoluble
3285,insult
3286,integration
3287,intelligent
3288,journalism
3289,key-skills
3290,kick-off
3291,leadership
3292,leave-on
3293,maintenance
3294,malign
3295,marmalade
3296,miserable
3297,moustache
3298,narrative
3299,nation
3300,navigate
3301,necessary
3302,never-mind
3303,northern-ireland
3304,numerically
3305,one-way
3306,ought
3307,parallel
3308,particle
3309,passport
3310,patronise
3311,penalty
3312,philosopher
3313,poland
3314,policy
3315,postpone
3316,poverty
3317,practical
3318,principle
3319,prisoner
3320,punish
3321,rage
3322,ratchet
3323,recruit
3324,remake
3325,resolve
3326,rhetoric
3327,russian
3328,sensible
3329,shadow
3330,similar
3331,skeletal
3332,specific
3333,spectrum
3334,sphere
3335,stand-for
3336,structural
3337,such-as
3338,sweep
3339,tackle
3340,thesis
3341,to-construct
3342,too-many
3343,tragic
3344,unemployed
3345,vanish
3346,waving
3347,weakness
3348,welfare
3349,wing
3350,worn-out
3351,worthy
3352,advert
3353,affordable
3354,annoy
3355,applet
3356,are-you-comfortable?
3357,basket
3358,bulgaria
3359,camping
3360,chimney
3361,credit-card
3362,debt
3363,default
3364,depend
3365,deposit
3366,dip
3367,double
3368,estate-agent
3369,fireplace
3370,first-time-buyer
3371,golf-course
3372,interest-rate
3373,internet
3374,january
3375,joy
3376,ladder
3377,living-room
3378,loan
3379,log
3380,log-on
3381,logo
3382,maisonette
3383,manchester
3384,market-value
3385,medium
3386,mod
3387,mortar
3388,mortgage
3389,mug
3390,on-the-right
3391,payment
3392,pension
3393,per-annum
3394,quote
3395,regulate
3396,regulation
3397,rental
3398,repossession
3399,salary
3400,sewage
3401,shy
3402,southern
3403,strict
3404,tent
3405,test-plan
3406,think-a-lot
3407,this-2
3408,tidy
3409,vee
3410,wage
3411,1000000000
3412,abnormal
3413,accelerator
3414,acquire
3415,acquired
3416,advance
3417,array-(2)
3418,atom
3419,automated
3420,autosave
3421,biological
3422,capable
3423,chest
3424,combine
3425,complex
3426,continuously
3427,cyberspace
3428,depression
3429,desktop-computer
3430,discovery
3431,distribution
3432,dragon
3433,electrical-signal
3434,email
3435,embed
3436,emit
3437,emoticon
3438,emotion
3439,evaluate
3440,experiment
3441,exponential
3442,facebook
3443,fruit
3444,goal
3445,grab
3446,grandad
3447,hopeless
3448,hunger
3449,hurdles
3450,identity
3451,infrared
3452,insert
3453,instant-messaging
3454,instantaneous
3455,institute
3456,intelligence
3457,japan
3458,laser
3459,left-side
3460,lens
3461,locate
3462,mainstream
3463,manipulate
3464,microprocessor
3465,microscopic
3466,molecule
3467,mould
3468,movie
3469,mri
3470,multiple
3471,multitude
3472,newton
3473,orange-juice
3474,pc
3475,please-take-a-seat
3476,profile
3477,promote
3478,proof
3479,real-time
3480,sample
3481,scientist
3482,start-3
3483,sunglasses
3484,take-a-seat
3485,target-area
3486,text-(map)
3487,transition
3488,universe
3489,upload
3490,vacuum
3491,video-camera
3492,virtual-reality
3493,web
3494,world-wide-web
3495,worldwide
3496,association
3497,authority
3498,bat
3499,boiler
3500,caravan
3501,change-of-use
3502,cough
3503,councillor
3504,element-(2)
3505,embarrassing
3506,existing-building
3507,fewer
3508,for-sale
3509,frustrated
3510,green-field-site
3511,inspector
3512,invest
3513,label
3514,leaf
3515,obey
3516,on-call
3517,outline
3518,parish
3519,paving
3520,planning-application
3521,presenter
3522,primary-school
3523,private-sector
3524,profit
3525,prospect
3526,rear
3527,render
3528,say-no
3529,sector
3530,shed
3531,shocked
3532,sustainable
3533,sympathy
3534,tennis-court
3535,town-planner
3536,upgrade
3537,upwelling
3538,volatile
3539,woodland
3540,worker
3541,10000
3542,accessibility
3543,adding
3544,all-three
3545,analyse
3546,analysis
3547,approve
3548,arrival
3549,baking
3550,be-prepared
3551,blood-vessel
3552,blueprint
3553,body-shop
3554,bone-marrow
3555,calf
3556,cell
3557,clone
3558,cloudy
3559,code
3560,compile
3561,coordination
3562,cordless
3563,digital
3564,disk
3565,diversity
3566,dolly
3567,embryo
3568,extension
3569,for-instance
3570,fraction
3571,gene
3572,gene-therapy
3573,genetic
3574,genetic-code
3575,genetic-mutation
3576,healthcare
3577,hormone
3578,humankind
3579,illness
3580,immune-system
3581,living-organism
3582,manual
3583,mental
3584,mouse
3585,mutation
3586,natural-selection
3587,obese
3588,objection
3589,organ
3590,organism
3591,pedigree
3592,planet
3593,protein
3594,random
3595,scatter
3596,screening
3597,seismic
3598,selection
3599,sequence
3600,shelf
3601,spelling
3602,surgery
3603,tutor
3604,vocabulary
3605,alternative
3606,amount
3607,anchor
3608,assembler
3609,atchoo
3610,atomic-structure
3611,benefits
3612,blackout
3613,bloodstream
3614,carbon
3615,centrifugal
3616,chemical
3617,chemical-reaction
3618,circuit
3619,compatible-(2)
3620,core
3621,cylinder
3622,desktop
3623,device
3624,diameter
3625,dollar
3626,ear-2
3627,electrical-power
3628,elevator
3629,estuary
3630,explanation
3631,fossil
3632,fossil-fuel
3633,friction
3634,furnace
3635,fuse
3636,fusion
3637,galaxy
3638,global-warming
3639,gravity
3640,hardware
3641,hover
3642,improving
3643,jet
3644,joystick
3645,larger
3646,liquid
3647,magnetic
3648,magnetic-field
3649,magnetism
3650,mars-(planet)
3651,medicines
3652,mend
3653,metre
3654,microscope
3655,microwave
3656,mid
3657,miniature
3658,nitrogen
3659,nuclear
3660,nuclear-power
3661,output
3662,oven
3663,oxide
3664,physics
3665,prism
3666,programming
3667,prototype
3668,provoke
3669,punch
3670,racing
3671,radiation
3672,reactor
3673,renewable-energy
3674,repel
3675,rotate
3676,shareware
3677,skyscraper
3678,solar
3679,solar-energy
3680,solar-panel
3681,solar-power
3682,substance
3683,thumb
3684,time-interval
3685,toxic
3686,tribe
3687,turn-left
3688,visible-light
3689,year-2
3690,zero
3691,100000
3692,11th
3693,400
3694,aircraft
3695,approval
3696,armour
3697,been-approve
3698,blaming
3699,broad
3700,compound
3701,deputy
3702,divorced
3703,fond
3704,gender
3705,greedy
3706,instruction
3707,insulting
3708,mansion
3709,mechanism
3710,oppress
3711,paragraph
3712,past-2
3713,rally
3714,reasonable
3715,remove-from
3716,rug
3717,scope
3718,specialist
3719,suggestion
3720,uninstall
3721,vietnam
3722,viewing
3723,zip
3724,abundance
3725,activity
3726,ant
3727,beetle
3728,bingo
3729,caterpillar
3730,centimetre
3731,chop
3732,component
3733,deer
3734,dominant
3735,drainage
3736,eat-out
3737,erosion
3738,erosion-(rivers)
3739,flora
3740,food-chain
3741,forest
3742,frequency
3743,frequently
3744,frog
3745,gardening
3746,go-there
3747,grace
3748,grain
3749,habitat
3750,highlight
3751,insect
3752,jewel
3753,jungle
3754,livestock
3755,lock-up
3756,logging
3757,meadow
3758,mosaic
3759,nature-reserve
3760,necklace
3761,nocturnal
3762,patience
3763,pile
3764,piling
3765,pollen
3766,pond
3767,rainfall
3768,roller
3769,runway
3770,salt
3771,shark
3772,sponge
3773,strawberry
3774,tag
3775,toad
3776,tomb
3777,valuable
3778,vegetation
3779,vlog
3780,warm-up
3781,wasp
3782,width
3783,wolf
3784,10th
3785,accidentally
3786,adjustment
3787,alert
3788,alignment
3789,altitude
3790,announcement
3791,apparatus
3792,assumption
3793,baseball
3794,blind
3795,brazing
3796,coating
3797,compass
3798,conceptual
3799,confuse
3800,convection
3801,corona
3802,eagle
3803,error
3804,execute
3805,geostationary-satellites
3806,hacking
3807,hook
3808,ignition
3809,imagery
3810,light-year
3811,mac
3812,meteorology
3813,mexico
3814,nebula
3815,north-pole
3816,obstruction
3817,optical
3818,orbit
3819,post-office
3820,precise
3821,prompt
3822,rejoice
3823,resemble
3824,rivet
3825,russia
3826,small-box
3827,spacecraft
3828,spy
3829,telescope
3830,terminal
3831,transmission
3832,typhoon
3833,are-you-ok?
3834,ash
3835,banana
3836,barbacue
3837,biscuit
3838,bread
3839,canyon
3840,chewing
3841,cooker
3842,crisp
3843,dough
3844,finishing
3845,flaming
3846,flavour
3847,flour
3848,foil
3849,greenhouse
3850,instructions
3851,jug
3852,kidney
3853,nottingham
3854,pan
3855,paste
3856,peanut
3857,penis
3858,pepper
3859,recipe
3860,rice
3861,roast
3862,sauce
3863,scanner
3864,sieve
3865,slice
3866,spicy
3867,thai
3868,vegetable
3869,whisk
3870,61
3871,abort
3872,absent
3873,adultery
3874,aeroplane
3875,affluence
3876,attend
3877,blackpool
3878,classroom
3879,collusion
3880,communist
3881,conditioner
3882,conduit
3883,corrupt
3884,enjoyment
3885,examination
3886,flesh
3887,gay
3888,ghana
3889,goalkeeper
3890,hairdresser
3891,hay
3892,hose
3893,housewife
3894,israel
3895,justification
3896,last-2
3897,laundry
3898,leisure
3899,loop
3900,magazine
3901,maths
3902,measles
3903,medical-science
3904,never-again
3905,next-month
3906,notebook
3907,nuclear-power-station
3908,parental
3909,peach
3910,pocket-money
3911,powder
3912,punishment
3913,read-all
3914,robin
3915,run-up
3916,seaside
3917,sensual
3918,separated
3919,soap
3920,statistics
3921,subscribe
3922,summer-holiday
3923,supermarket
3924,supporter
3925,technician
3926,test-tube
3927,vaccine
3928,washing-machine
3929,building-contract
3930,cleaning
3931,delete
3932,filthy
3933,frameset
3934,gateway
3935,gothic
3936,hemisphere
3937,holywood
3938,icon
3939,in-reality
3940,install
3941,make-up
3942,negotiation
3943,overall
3944,rail
3945,railway-station
3946,resource
3947,restoration
3948,signature
3949,sport-2
3950,toile
3951,transport-2
3952,90
3953,airbrush
3954,assign
3955,australia
3956,barn
3957,bicycle
3958,bonnet
3959,booking
3960,brick
3961,bucket
3962,camouflage
3963,comb
3964,constructive
3965,faint
3966,gallery
3967,geography
3968,glasgow
3969,glue
3970,homework
3971,hoover
3972,injection-moulding
3973,invoke
3974,item
3975,laps
3976,layout
3977,loft
3978,motion
3979,moulding
3980,nag
3981,omlette
3982,outbid
3983,packaging
3984,palette
3985,portrait
3986,pose
3987,psyche
3988,pulley
3989,realism
3990,retrieve
3991,sailor
3992,seasonal
3993,service-station
3994,shell
3995,sold-out
3996,toy-car
3997,toy-train
3998,tram
3999,trojan-horse
4000,tyre
4001,wrapped
4002,cleaner
4003,comply
4004,equation
4005,joint
4006,management
4007,not-finish
4008,redo
4009,rough
4010,saturday
4011,stair
4012,acid
4013,aromatic
4014,arrive-at
4015,boiling
4016,brandy
4017,camel
4018,cherry
4019,clarify
4020,cloth
4021,crust
4022,cube
4023,essex
4024,extract
4025,extraction
4026,filtration
4027,freezer
4028,goose
4029,honey
4030,ice-cream
4031,icy
4032,integral
4033,jar
4034,lacquer
4035,leather
4036,menu
4037,menu-(2)
4038,monsoon
4039,most-2
4040,onion
4041,perfume
4042,porridge
4043,potatoes
4044,pudding
4045,reindeer
4046,salmon
4047,scrambled-egg
4048,snail
4049,snowing
4050,teapot
4051,temper
4052,that-road
4053,turkey
4054,vanilla
4055,vase
4056,actress
4057,applause
4058,archer
4059,ballet-dancer
4060,champagne
4061,customer
4062,dolphin
4063,escalator
4064,fed-up
4065,formal
4066,format
4067,gloss
4068,i'm-hot
4069,landmark
4070,night-out
4071,sculpture
4072,statue-of-liberty
4073,velocity
4074,woggle
4075,cathedral
4076,distract
4077,gloves
4078,installation
4079,thank-very-much
4080,that-will-do
4081,train-driver
4082,23
4083,approximately
4084,banners
4085,eclipse
4086,glazing
4087,mayor
4088,orchestra
4089,pigeon
4090,plasma-screen
4091,admission
4092,album
4093,ashamed
4094,automatic
4095,bullet
4096,can-i-help-you?
4097,compromise
4098,conductivity
4099,decorator
4100,digest
4101,employer
4102,graphite
4103,high-temperature
4104,how-can-i-help?
4105,in-law
4106,inheritance
4107,lawyer
4108,mexican
4109,native
4110,patent
4111,pencil
4112,polite
4113,sweden
4114,vampire
4115,vicar
4116,wax
4117,wizard
4118,woodlouse
4119,you-happy
4120,49
4121,99
4122,aftershave
4123,annoyed
4124,biofuel
4125,boxing
4126,catalogue
4127,centre-of-gravity
4128,chrome
4129,cigarette
4130,dentist
4131,diesel
4132,disco
4133,gears
4134,graph
4135,happy-christmas
4136,jacket
4137,jonathan
4138,licence
4139,milkman
4140,nevertheless
4141,qualification
4142,shorts
4143,sledge
4144,steering-wheel
4145,torque
4146,torsion
4147,traction
4148,useless
4149,vibrate
4150,waitress
4151,west-end
4152,windscreen
4153,zebra
4154,badger
4155,baptist-church
4156,coral
4157,crab
4158,flippers
4159,indoor
4160,invertebrate
4161,reef
4162,torch
4163,trekking
4164,turtle
4165,all-over-the-world
4166,boy-scouts
4167,bud
4168,canada
4169,extensive
4170,gardener
4171,inspect
4172,origin
4173,propagation
4174,rude
4175,secondary-school
4176,sixteen
4177,thirteen
4178,tray
4179,turf
4180,y-branch
4181,central-america
4182,chick
4183,ecosystem
4184,extinction
4185,fishing
4186,problematic
4187,rainbow
4188,shrimp
4189,spread-out
4190,starfish
4191,best-known
4192,bradford
4193,colour-palette
4194,how-are-you-today?
4195,initialise
4196,medal
4197,membership
4198,moderator
4199,new-zealand
4200,outreach
4201,scratch
4202,waist
4203,connection
4204,fox
4205,hedgehog
4206,lamb
4207,nuisance
4208,owl
4209,plough
4210,put-up
4211,biodiversity
4212,farm-shop
4213,holland
4214,mechanic
4215,south-america
4216,adventurous
4217,ash-tree
4218,cane
4219,collection
4220,decryption
4221,different-from
4222,dissertation
4223,exam
4224,gill
4225,noon
4226,patio
4227,shortcut
4228,absence
4229,arctic
4230,autumn
4231,insulation
4232,productive
4233,show-off
4234,snap
4235,teamwork
4236,17th
4237,agony
4238,courtyard
4239,give-it-a-try
4240,hairdryer
4241,headache
4242,own-their-own
4243,varnish
4244,ashtray
4245,big-tall
4246,graphics
4247,happy-ending
4248,jeans
4249,let-me-know
4250,affection
4251,attachment
4252,buddhist
4253,church-of-england
4254,cowboy
4255,duration
4256,export
4257,goldfish
4258,group-of-people
4259,hanging-around
4260,holy-spirit
4261,intersection
4262,principal
4263,scriptures
4264,sexuality
4265,vegetarian
4266,annotate
4267,archive
4268,badge
4269,bee
4270,blotting
4271,conception
4272,great-britain
4273,know-not
4274,ovary
4275,ph
4276,undo
4277,feedback
4278,flower-bed
4279,autonomy
4280,char
4281,diagnosis
4282,discharge
4283,during-that-time
4284,i'm-good
4285,mental-health
4286,minimise
4287,mouth-it
4288,neglect
4289,occasional
4290,physical-environment
4291,shirt
4292,yuck
4293,acute
4294,e-commerce
4295,exult
4296,feel-weak
4297,feeling-weak
4298,firstly
4299,goat
4300,hash
4301,humidity
4302,initiate
4303,oneness
4304,protocol
4305,theology
4306,tributary
4307,visitor
4308,yoga
4309,boardroom
4310,category
4311,diploma
4312,high-standard
4313,mole
4314,oak-tree
4315,paparazzi
4316,pirate
4317,publicity
4318,quarantine
4319,rename
4320,sowing
4321,sponsor
4322,bible
4323,luggage
4324,matrix
4325,sharon
4326,absolve
4327,alarm
4328,arid
4329,carrot
4330,demo
4331,dialogue
4332,misterious
4333,old-testament
4334,pillow
4335,question-you
4336,abbreviate
4337,abrreviate
4338,associated-with
4339,belgium
4340,boast
4341,celestial
4342,confederation
4343,corn
4344,corned-beef
4345,cradle
4346,cultivation
4347,expressionism
4348,faithful
4349,fermentation
4350,fluid
4351,generic
4352,glacial
4353,gymnastics
4354,hierarchy
4355,homogeneous
4356,idiom
4357,international-style
4358,interrupt
4359,inventory
4360,lobster
4361,neutral
4362,nude
4363,originality
4364,ply
4365,pragmatic
4366,reclamation
4367,resultant
4368,stratum
4369,tapestry
4370,template
4371,universal
4372,url
4373,verse
4374,vinegar
4375,aggregate
4376,aggression
4377,ancestor
4378,approximate
4379,biogas
4380,czechoslovakia
4381,drizzle
4382,essay
4383,finland
4384,hibernation
4385,horizontal
4386,leo-(constellation)
4387,loam
4388,neptune-(planet)
4389,outsider-art
4390,persecute
4391,prague
4392,precipitation
4393,psoriasis
4394,reggae
4395,sack
4396,skin-cell
4397,superior
4398,unsubscribe
4399,villa
4400,volume
4401,waitrose
4402,black-colour
4403,centred
4404,confess
4405,corkscrew
4406,deconstruct
4407,drought
4408,dye
4409,humid
4410,irregular
4411,logic
4412,lunar
4413,pollination
4414,production
4415,reflecting
4416,reign
4417,ruler
4418,see-look
4419,underline
4420,cheeky
4421,diarrhoea
4422,greeking
4423,save-as
4424,cigar
4425,handcuff
4426,hood
4427,partial
4428,passed-away
4429,poem
4430,south-korea
4431,sweating
4432,wool
4433,brainstorm
4434,cuddle
4435,supervise
4436,browse
4437,cheek
4438,few-days-time
4439,fly-to
4440,lagging
4441,trumpet
4442,auntie
4443,from-now-on
4444,graduate
4445,umbrella
4446,agency
4447,altar
4448,aluminium
4449,apron
4450,before-2
4451,bug
4452,crank
4453,diffusion
4454,dilation
4455,ethnic
4456,feminism
4457,handshake
4458,invincible
4459,lasagne
4460,long-tradition
4461,oath
4462,opera
4463,pledge
4464,pupil
4465,rss
4466,segment
4467,wimp
4468,aboard
4469,argentina
4470,bearing
4471,berlin
4472,brazil
4473,canoe
4474,conservatory
4475,creativity
4476,flare
4477,flower-plant
4478,harbour
4479,kangaroo
4480,orchard
4481,pineapple
4482,rubber
4483,suitcase
4484,archipelago
4485,campsite
4486,ghosting
4487,octopus
4488,portugal
4489,producer
4490,railway-tracks
4491,shooting
4492,thread
4493,tropic-of-capricorn-(area)
4494,tropic-of-capricorn-(latitude)
4495,urine
4496,alright
4497,binoculars
4498,cant
4499,lizzard
4500,pebbles
4501,psychedelic
4502,reflector
4503,seaweed
4504,sonic
4505,adamant
4506,chatter
4507,conversion
4508,copy-me
4509,cycling
4510,double-bed
4511,fatigue
4512,loft-conversion
4513,lounge
4514,mustard
4515,saddle
4516,sentence
4517,built-in-wardrobe
4518,chocolate-cake
4519,detached
4520,leeds
4521,mousse
4522,solihull
4523,stamp-duty
4524,thief
4525,utilise
4526,weathering
4527,break-point
4528,briefcase
4529,bus-station
4530,interpreter
4531,mushroom
4532,north-korea
4533,poster
4534,record-number
4535,saturated
4536,squash
4537,amusing
4538,antarctic
4539,bit-little-bit
4540,digestive-system
4541,equator
4542,freehold
4543,grid
4544,jury
4545,motorbike
4546,open-your-mouth
4547,pharmacy
4548,pornography
4549,recruitment
4550,tropic-of-cancer-(area)
4551,tropic-of-cancer-(latitude)
4552,tropics
4553,undergrowth
4554,basin
4555,en-suite
4556,etiquette
4557,fine-thanks
4558,jumper
4559,longitude
4560,netiquette
4561,recap
4562,receptive
4563,selling-point
4564,sellotape
4565,semi-detached
4566,southampton
4567,utility
4568,utility-room
4569,zoo
4570,age-what
4571,airing-cupboard
4572,chicken-coop
4573,coaster
4574,driveway
4575,duplex
4576,envelope
4577,feel-small
4578,get-dressed
4579,hen
4580,porch
4581,printer
4582,printing
4583,skirting-board
4584,workshop
4585,bathroom-suite
4586,bus-stop
4587,fast-forward
4588,fitness
4589,gym
4590,hub
4591,infinity
4592,keyboard
4593,laminate
4594,not-bad
4595,open-plan
4596,sheffield
4597,spend-time
4598,step-by-step
4599,subsidence
4600,town-house
4601,colony
4602,dark-hair
4603,dinosaur
4604,fisherman
4605,flat-roof
4606,impenetrable
4607,nectar
4608,rodent
4609,squirrel
4610,anytime
4611,broadband
4612,expansion
4613,full-survey
4614,heater
4615,internet-connection
4616,magnification
4617,next-up
4618,price-tag
4619,settee
4620,shakespeare
4621,a-bit-rough
4622,cloakroom
4623,domain
4624,double-room
4625,floor-tiles
4626,fresh-air
4627,infiltration
4628,neutron
4629,special-effect
4630,cement
4631,covenant
4632,fiancee
4633,flat-screen
4634,gazump
4635,gazumped
4636,peninsula
4637,second-one
4638,yacht
4639,angel
4640,camera-lens
4641,crystal
4642,flashback
4643,litre
4644,live-wire
4645,teddy
4646,adapted
4647,buoy
4648,flu
4649,forge
4650,health-and-safety
4651,plateau
4652,watering
4653,zenith
4654,catchment
4655,middle-ear
4656,player
4657,safari
4658,stained-glass-window
4659,vest
4660,volley
4661,accessible
4662,tooth
4663,airline
4664,ancestry
4665,attic
4666,bath-2
4667,hot-spot
4668,next-to-it
4669,old-fashioned
4670,translation
4671,viewshed
4672,acoustic
4673,algae
4674,blackbird
4675,decay
4676,limb
4677,sea-lion
4678,ultrasound
4679,woodpecker
4680,corruption
4681,garment
4682,new-testament
4683,promotion
4684,refrigeration
4685,testimony
4686,adaptation
4687,ecology
4688,fjord
4689,in-detail
4690,polar
4691,sculptural
4692,slab
4693,sustainability
4694,swan
4695,throw-in
4696,venus-(planet)
4697,arrow
4698,my-turn
4699,vein
4700,buffer
4701,contents
4702,defragment
4703,gloucester
4704,kneel
4705,mitre
4706,poker
4707,rhyme
4708,crisps
4709,hippopotamus
4710,leicester
4711,meander
4712,pork
4713,property-survey
4714,those-ones
4715,12th
4716,chord
4717,convention
4718,make-2
4719,resurrection
4720,revelation
4721,silt
4722,tasty
4723,territorial
4724,carol
4725,definite
4726,mezzanine
4727,really-interested
4728,rusting
4729,building-material
4730,cap
4731,casserole
4732,cross-country
4733,hot-food
4734,pyramid
4735,selfish
4736,structural-engineer
4737,tuesday
4738,cardboard
4739,high-pitch
4740,noise-pollution
4741,assert
4742,denmark
4743,intestine
4744,nominal
4745,st-andrews
4746,vomit
4747,7th
4748,abrasive
4749,assignment
4750,chess
4751,fishing-boat
4752,hard-drive
4753,optimum
4754,pager
4755,sent-it
4756,stitch
4757,stretcher
4758,buffet
4759,good-afternoon
4760,sailing
4761,tanker
4762,what's-your-name
4763,half-time
4764,intranet
4765,kite
4766,mic
4767,parrot
4768,sand-eel
4769,slow-motion
4770,takeaway
4771,cartography
4772,ephemeral
4773,facial-expression
4774,numeracy
4775,projection
4776,rigid
4777,straw
4778,trough
4779,backup
4780,pivot
4781,spit-it-out
4782,cutlery
4783,decrease
4784,diagram
4785,documentary
4786,ironing
4787,lecturer
4788,paradigm
4789,parafilm
4790,pillar
4791,probability
4792,psychologist
4793,puberty
4794,reset
4795,risk-assessment
4796,scissors
4797,hike
4798,ski
4799,brocolli
4800,by-the-window
4801,enamel
4802,guinness
4803,hymn
4804,membrane
4805,shutter
4806,sketch
4807,stereo
4808,i'm-cold
4809,turn-right
4810,hebrew
4811,holocaust
4812,jew
4813,madrid
4814,part-time
4815,toolbox
4816,admiral
4817,apprentice
4818,copyright
4819,forum
4820,gilding
4821,lots-of-money
4822,skiing
4823,valuation
4824,bowls
4825,coursework
4826,curly
4827,light-hair
4828,sperm-whale
4829,yoghurt
4830,address-book
4831,bookmark
4832,doorbell
4833,maximise
4834,own-business
4835,psychology
4836,athlete
4837,boxer
4838,cause-and-effect
4839,diocese
4840,hail
4841,headmaster
4842,priesthood
4843,roman-catholic
4844,seminary
4845,sit-down-please
4846,framing
4847,michelle
4848,trot
4849,wavelength
4850,applied
4851,fencing
4852,fragmented
4853,plate-tectonics
4854,predation
4855,qualify
4856,seagull
4857,straw-bale
4858,tectonics
4859,thieve
4860,tv-programme
4861,wireless
4862,chopsticks
4863,indent
4864,portfolio
4865,rugby
4866,having-a-go
4867,post-it
4868,fifty
4869,generator
4870,liver
4871,mains-electricity
4872,minibus
4873,spend-money
4874,tracy
4875,woods
4876,come-to-here
4877,jersey
4878,apostle
4879,eye-catching
4880,gown
4881,snatch
4882,voluntary
4883,golf-club
4884,limited-edition
4885,lunchtime
4886,nozzle
4887,pendulum
4888,subtext
4889,you-hungry
4890,shear
4891,bow-down
4892,capsule
4893,cereal
4894,circumcision
4895,forgiveness
4896,gentile
4897,innocent
4898,sabbath
4899,t-shirt
4900,tights
4901,etching
4902,tattoo
4903,graduated
4904,rosette
4905,ache
4906,fumes
4907,jelly
4908,lattice
4909,portal
4910,spaceship
4911,tummy-ache
4912,warden
4913,childminder
4914,drink-coffee
4915,fryer
4916,grandma
4917,hamburger
4918,high-blood-pressure
4919,mesa
4920,sue
4921,campaigning
4922,curly-hair
4923,scroll
4924,autograph
4925,badminton
4926,bonding
4927,keep-fit
4928,mercury-(planet)
4929,pliers
4930,screwdriver
4931,tool-bag
4932,cheer-up
4933,penguin
4934,studio-flat
4935,dongle
4936,two-areas
4937,ball-football
4938,coaching
4939,contacts-with
4940,greeting-card
4941,live-action
4942,poisoning
4943,press-release
4944,referee
4945,scrum
4946,steward
4947,stool
4948,storyboard
4949,volleyball
4950,hem
4951,ip-number
4952,nightclub
4953,remote-control
4954,austria
4955,valuer
4956,victoriana
4957,watch-tv
4958,are-you-worried?
4959,burial
4960,dementia
4961,early-2
4962,got-off
4963,surname
4964,abseil
4965,administer
4966,in-situ
4967,runner
4968,completely-wrong
4969,cookie
4970,reproduction
4971,sorry-me
4972,liar
4973,perm
4974,sign-2
4975,specification
4976,acting
4977,compression
4978,downhill
4979,exaggerating
4980,how-old-are-you?
4981,props
4982,brussel-sprouts
4983,plastering
4984,radiator
4985,rambling
4986,tee
4987,millennium
4988,subjective
4989,indian-food
4990,mexican-food
4991,asexual
4992,bangladesh
4993,blonde
4994,bluetooth
4995,exaggerate
4996,glam
4997,stigma
4998,plumber
4999,pva
5000,sliding
5001,tongue-and-groove
5002,wheelchair
5003,and-gate
5004,just-whatever
5005,nand-gate
5006,odd-number
5007,rejection
5008,confidential
5009,inference
5010,public-sector
5011,social-worker
5012,token
5013,electrician
5014,factual
5015,forward-slash
5016,lintel
5017,milky-way
5018,sewer
5019,this-is-serious
5020,accountant
5021,almighty
5022,baseline
5023,hangover
5024,how-old-are-you
5025,milkshake
5026,otley
5027,religious-belief
5028,stability
5029,team-building
5030,tilt
5031,bowling
5032,fizzy-drink
5033,hand-lens
5034,landslide
5035,limestone
5036,mash
5037,move-along
5038,wind-farm
5039,wind-power
5040,wind-turbine
5041,bus-pass
5042,nephew
5043,51
5044,mammal
5045,rafter
5046,cuticle
5047,insecticide
5048,brolly
5049,plotter
5050,biodegradable
5051,bumper
5052,caribbean
5053,iceland
5054,ink
5055,lick
5056,nova
5057,plankton
5058,skate
5059,day-trip
5060,diabetes
5061,folder
5062,ftp
5063,addition
5064,digital-image
5065,equality
5066,friday-2
5067,nominate
5068,plinth
5069,sign-language
5070,bank-holiday
5071,bournemouth
5072,gradient
5073,inclusive
5074,multiply
5075,pe
5076,sailing-boat
5077,snob
5078,steamer
5079,ventilation
5080,acceleration
5081,are-you-well
5082,cello
5083,elastic
5084,fried-egg
5085,harp
5086,ladybird
5087,newsreader
5088,panda
5089,photocopier
5090,polo-shirt
5091,solder
5092,ticket-machine
5093,benign
5094,special-kind
5095,crude-oil
5096,isobar
5097,pie-chart
5098,say-tell-you
5099,snowman
5100,whiskey
5101,analogue
5102,brittle
5103,id-card
5104,petrol-station
5105,pin-number
5106,sensor
5107,adjust
5108,crocodile
5109,grading
5110,python
5111,sandstone
5112,three-dimensional
5113,tripod
5114,understand-not
5115,wet-season
5116,athletic
5117,back-to-here
5118,grandaughter
5119,jogging
5120,rusty
5121,digestion
5122,duvet
5123,ethics
5124,first-tee
5125,mashed
5126,medication
5127,methane
5128,ounce
5129,ping
5130,variable
5131,belfast
5132,chromosome
5133,router
5134,tell-off
5135,carbon-dioxide
5136,daisy
5137,leather-seat
5138,lung
5139,researcher
5140,shoe-shop
5141,sunroof
5142,thailand
5143,tournament
5144,digital-camera
5145,surveying
5146,almost-2
5147,artisan
5148,broke-down
5149,curse
5150,deliver-here
5151,donkey
5152,entity
5153,fertiliser
5154,firewall
5155,how-2
5156,jupiter-(planet)
5157,lateral
5158,lob
5159,offspring
5160,physical-barrier
5161,public-buildings
5162,quality-control
5163,unity
5164,ape
5165,chimpanzee
5166,deforestation
5167,gorilla
5168,licencing
5169,breeze
5170,consecutive
5171,contamination
5172,cuba
5173,grape
5174,lime-tree
5175,rhubarb
5176,typing
5177,fungus
5178,linkage
5179,pathogen
5180,rounding
5181,sterilise
5182,the-plough-(pattern)
5183,virulent
5184,line-feed
5185,pill
5186,washer
5187,beginner
5188,earthworm
5189,demolition
5190,frequent
5191,nadir
5192,observation
5193,vitamin
5194,aerobics
5195,cauliflower
5196,elasticity
5197,oatmeal
5198,yeast
5199,ketchup
5200,lamp
5201,one-to-one
5202,study-room
5203,too-long
5204,accidental
5205,amorphous
5206,background-radiation
5207,big-bang-theory
5208,coupling
5209,dark-matter
5210,delta
5211,electron
5212,elementary-particle
5213,fireball
5214,hard-of-hearing
5215,high-frequency
5216,launch-vehicle
5217,mathematics
5218,not-exist
5219,nucleus
5220,particle-accelerator
5221,proton
5222,radio-wave
5223,speaker
5224,substitute
5225,subtract
5226,surrealism
5227,suspense
5228,theoretical
5229,atlas
5230,black-hole
5231,coherence
5232,crossroads
5233,fundamental-particle
5234,gravitational-force
5235,simulation
5236,speed-of-light
5237,morocco
5238,nutrient
5239,one-hundred
5240,benchmark
5241,prawn
5242,30th
5243,drawer
5244,quarter-past
5245,vapour
5246,workmate
5247,fire-alarm
5248,hallelujah
5249,seehear
5250,vibrations
5251,watt
5252,entry
5253,evacuate
5254,grid-reference
5255,irreversible
5256,landline
5257,panning
5258,stoat
5259,accolade
5260,discriminate
5261,st-george
5262,thirdly
5263,foul
5264,hippy
5265,beech-tree
5266,fell-asleep
5267,header
5268,lichen
5269,natural-gas
5270,nuclear-energy
5271,nuclear-reactor
5272,risk-management
5273,textile
5274,yellow-card
5275,acorns
5276,applaud
5277,disinfect
5278,footer
5279,fountain
5280,immunity
5281,let's-go-for-a-walk
5282,oar
5283,rowing
5284,water-bath
5285,combustion
5286,e-reader
5287,lousy
5288,make-note
5289,metaphor
5290,protagonist
5291,reader
5292,self-expression
5293,uneasy
5294,squid
5295,aurora
5296,cooperation
5297,elimination
5298,film-camera
5299,peripheral
5300,permafrost
5301,polar-bear
5302,sauna
5303,tungsten
5304,capillary
5305,contaminated
5306,emu
5307,federation
5308,field-trip
5309,foreground
5310,mcdonald
5311,pistol
5312,summit
5313,word-count
5314,tartan
5315,administrator
5316,hydroelectric-power
5317,parabola
5318,tropical-forest
5319,bus-driver
5320,elizabethan
5321,juxtaposition
5322,not-long-ago
5323,production-manager
5324,waistcoat
5325,brownie
5326,brownie-(guide)
5327,lime
5328,similarity
5329,eclectic
5330,pancake
5331,thermometer
5332,finish-2
5333,frying-pan
5334,input
5335,delayed
5336,kebab
5337,boiling-point
5338,boozing
5339,castor-(star)
5340,grater
5341,parsnip
5342,even-number
5343,smiley-face
5344,soy
5345,sweeden
5346,malaysia
5347,medical-student
5348,arrogant
5349,sober
5350,synopsis
5351,timer
5352,whiteboard
5353,boiled-egg
5354,plum
5355,wedge-(golf)
5356,transferable-skills
5357,avocado
5358,custard
5359,chardonnay
5360,spreadsheet
5361,sushi
5362,tuna
5363,wait-2
5364,waiting-2
5365,home-cooking
5366,red-sauce
5367,usb-port
5368,more-2
5369,calibration
5370,serve-2
5371,youth-club
5372,asthma
5373,blush
5374,can-drink
5375,cell-wall
5376,empire-line
5377,energy-level
5378,mussel
5379,plucking
5380,sewing
5381,tiff
5382,melon
5383,to-coat
5384,food-web
5385,mallet
5386,mcdonalds
5387,rooting
5388,sidekick
5389,adaptable
5390,croissant
5391,slang
5392,transit
5393,chloe
5394,father-christmas
5395,geology
5396,streamline
5397,yew-tree
5398,counsellor
5399,fish-food
5400,gallon
5401,student-union
5402,app
5403,columbia
5404,lava
5405,same-as-me
5406,doughnut
5407,last-two-weeks
5408,main-character
5409,essential-element
5410,transparent
5411,blog
5412,broad-bean
5413,right-angle
5414,contact-me
5415,about-to-say
5416,allowance
5417,digit
5418,invitation
5419,jamaica
5420,l-shaped
5421,public-policy
5422,saudi-arabia
5423,stumps
5424,to-structure
5425,de-stijl
5426,sterile
5427,aquatic
5428,aquila-(constellation)
5429,naturalistic
5430,nodding-head
5431,porous
5432,still-life
5433,courgette
5434,environmental-factor
5435,hole-punch
5436,toilet-roll
5437,germination
5438,dandelion
5439,contour
5440,reins
5441,volt
5442,debug
5443,show-around
5444,radiate
5445,teasing
5446,evaporation
5447,scarecrow
5448,sycamore-tree
5449,margin
5450,solvent
5451,tarnish
5452,attentive
5453,cork
5454,dna-samples
5455,synthetic
5456,croatia
5457,mechanical-failure
5458,orion-(constellation)
5459,terminate
5460,acknowledgement
5461,act-list
5462,contact-them
5463,spout
5464,changing-rooms
5465,epicentre
5466,long-hair
5467,punk
5468,rollover
5469,sampling
5470,watershed
5471,first-aid
5472,folk-dance
5473,frosty
5474,greenhouse-effect
5475,nordic
5476,hacksaw
5477,graphic-communication
5478,refreshment
5479,ruby
5480,stepfather
5481,wont
5482,activist
5483,always-2
5484,coke
5485,crease
5486,cremate
5487,fellowship
5488,floor-manager
5489,monopoly
5490,pay-rise
5491,tambourine
5492,video-recorder
5493,eardrum
5494,keyword
5495,perforated
5496,solar-system
5497,masonry
5498,reversible
5499,tidal-power
5500,backpack
5501,do-this-for-fun
5502,glaciation
5503,lubrication
5504,rubber-glove
5505,scare
5506,umbilical-cord
5507,incorrect
5508,intrusion
5509,dryer
5510,feasibility-study
5511,literal
5512,sediment
5513,socket
5514,turbine
5515,condensation
5516,guinea-pig
5517,halloween
5518,primer
5519,stencil
5520,thumbnail
5521,gateaux
5522,mobile-home
5523,pigment
5524,audit
5525,canter
5526,compensation
5527,fire-risk
5528,site-specific
5529,ascension
5530,corrosion
5531,illumination
5532,jacobean
5533,rennet
5534,beaker
5535,bonfire
5536,filing-cabinet
5537,games-console
5538,skateboard
5539,skateboarding
5540,fostering
5541,study-really-hard
5542,hong-kong
5543,leave-from
5544,lower-case
5545,mouseover
5546,pointer
5547,radio-aid
5548,cracker
5549,our-rights
5550,canoeing
5551,descendant
5552,machine-tool
5553,road-running
5554,visual-arts
5555,alarming
5556,amusement
5557,baked-bean
5558,baked-beans
5559,flammable
5560,front-end
5561,hurricane
5562,magnetic-tape
5563,sound-wave
5564,subterranean
5565,head-teacher
5566,orientation
5567,seat-cover
5568,social-care
5569,spatial
5570,tribunal
5571,vocational
5572,firework
5573,hazard
5574,inferior
5575,oil-slick
5576,pore
5577,bread-knife
5578,carving-knife
5579,case-study
5580,lunch-break
5581,big-box
5582,decision-making
5583,integer
5584,pan-american
5585,perimeter
5586,power-supply
5587,fire-engine
5588,group-work
5589,sandcastle
5590,type-in
5591,vibration
5592,around-look
5593,decode
5594,pitfall
5595,hydrocarbon
5596,mass-media
5597,jawbone
5598,hiking
5599,jail
5600,stand-alone
5601,margate
5602,redhead
5603,tongs
5604,assistant-producer
5605,casting-director
5606,dodging
5607,freelance
5608,kneeler
5609,symbiosis
5610,where's-the-pain?
5611,batting
5612,pesticide
5613,dissolution
5614,spool
5615,air-resistance
5616,goggles
5617,alkali
5618,alkaline
5619,dissection
5620,enzyme
5621,tease-me
5622,far-behind
5623,fireman
5624,secondary-source
5625,sheep-dog
5626,chocolate-bar
5627,rap-music
5628,hot-iron
5629,light-intensity
5630,pasteurised
5631,rain-forest
5632,south-pole
5633,annul
5634,mural
5635,blade
5636,web-site
5637,cone
5638,welding
5639,discrete
5640,double-helix
5641,fertilisation
5642,helix
5643,larva
5644,living-cell
5645,mock-up
5646,pepsin
5647,posterior
5648,sperm-cell
5649,front-crawl
5650,rotary
5651,dispersal
5652,herbivore
5653,offset
5654,zoom-out
5655,ecuador
5656,firefighter
5657,alteration
5658,amino-acid
5659,bacterial-cell
5660,cell-division
5661,cell-membrane
5662,deoxyribonucleic-acid
5663,fatty-acid
5664,filament
5665,firefly
5666,hypothesis
5667,insulin
5668,meteorite
5669,organic-molecule
5670,pipette
5671,snowboarding
5672,accuracy
5673,donate
5674,heart-valve
5675,ph-paper
5676,roof-tiles
5677,tarn
5678,cohesive
5679,quotient
5680,blood-group
5681,contraction
5682,fabricate
5683,moraine
5684,recessive
5685,diaphragm
5686,percent
5687,advertisement
5688,albania
5689,assassin
5690,car-racing
5691,disability
5692,disregard
5693,epidermis
5694,high-rise
5695,manufacturing-industry
5696,moderation
5697,prospectus
5698,regency
5699,animal-behaviour
5700,crucify
5701,tornado
5702,piercing
5703,dangerous-play
5704,freezing-point
5705,interview-2
5706,methodology
5707,spanner
5708,thunderstorm
5709,drilling-machine
5710,glacier
5711,camcorder
5712,hand-specimen
5713,ice-sheet
5714,permeability
5715,permeable
5716,roof-space
5717,cranium
5718,abrasion
5719,abrasion-(rivers)
5720,garden-park
5721,putting-green
5722,rowing-boat
5723,whole-number
5724,can-we-talk
5725,half-5
5726,lemonade
5727,pancreas
5728,photosynthesis
5729,five-o-clock
5730,amplifier
5731,calculator
5732,campus
5733,denomination
5734,electric-motor
5735,electronic-circuit
5736,integrated-circuit
5737,job-interview
5738,light-sensitive
5739,manufacturing-cost
5740,remainder
5741,silicon-chip
5742,valve
5743,vagina
5744,believe-in-god
5745,dandruff
5746,psychiatrist
5747,condenser
5748,distillation
5749,ice-skate
5750,rollerblade
5751,skipping
5752,been-a-long-time
5753,you-tired
5754,horse-chestnut-tree
5755,dovetail
5756,ramadan
5757,repent
5758,speed-boat
5759,validation
5760,oops
5761,blank-mind
5762,stewardess
5763,abstain
5764,kiln
5765,leave-it-alone
5766,in-the-spirit-of
5767,saucepan
5768,centrifuge
5769,distributor
5770,supermarket-food
5771,detergent
5772,motion-sensor
5773,walk-2
5774,chlorophyll
5775,achievable
5776,alpaca
5777,cache
5778,capture-the-moment
5779,layering
5780,organic-waste
5781,sacrament
5782,latest-news
5783,tropical-storm
5784,conical
5785,flask
5786,malleable
5787,nap
5788,oil-paint
5789,brown-sauce
5790,animation
5791,gramme
5792,sublimation
5793,construction-process
5794,environmental-impact
5795,environmental-impact-assessment
5796,converter
5797,air-quality
5798,mean-2
5799,blender
5800,hamster
5801,take-my-time
5802,auxiliary
5803,bent
5804,chest-pain
5805,train-engine
5806,spam
5807,mashed-potatoes
5808,petri-dish
5809,stomach-rumble
5810,toothpaste
5811,cowshed
5812,frame-by-frame
5813,interpreting
5814,kind-of-music
5815,yawn
5816,cricket-ball
5817,electrolyte
5818,hockey
5819,of-course-2
5820,netball
5821,restart
5822,tortoise
5823,tricycle
5824,large-intestine
5825,piglet
5826,placenta
5827,twitter
5828,binary
5829,byte
5830,car-engine
5831,faculty
5832,rum
5833,yes-correct
5834,heat-sensor
5835,video-clip
5836,woodwind
5837,plant-2
5838,babysitter
5839,tan
5840,tippex
5841,gestation
5842,air-balloon
5843,meteor
5844,infectious-disease
5845,server
5846,clarinet
5847,derivative
5848,lesbian
5849,terminator
5850,attacker
5851,coordinator
5852,palpitations
5853,red-giant
5854,agricultural-building
5855,grinder
5856,italian-food
5857,potato-peeler
5858,sweet-and-sour-pork
5859,masculinity
5860,channel-4
5861,hardboard
5862,performance-art
5863,printmaking
5864,vowel
5865,white-space
5866,biological-washing-powder
5867,filth
5868,recorder
5869,alphabet
5870,concrete-block
5871,degradation
5872,harassment
5873,housemate
5874,mass-movement
5875,pencil-case
5876,bikini
5877,glucose
5878,showreel
5879,chemist
5880,dark-energy
5881,enlargement
5882,neutron-star
5883,stellar
5884,supernova
5885,topic
5886,white-dwarf
5887,do-you-agree
5888,pushchair
5889,absorption
5890,bacterium
5891,ozone-layer
5892,progeny
5893,thermoset
5894,thermostat
5895,gripping
5896,classification
5897,lab-coat
5898,aerial-perspective
5899,linear
5900,pediment
5901,prime-meridian
5902,sri-lanka
5903,trigonometry
5904,animal-kingdom
5905,armchair
5906,karate
5907,stationary
5908,are-you-hungry?
5909,straight-hair
5910,3d
5911,dark-blue-colour
5912,ratio
5913,aloud
5914,loudspeaker
5915,toboggan
5916,asset
5917,ground-water
5918,heat-production
5919,soluble
5920,i-have-two-brothers
5921,java
5922,scapula
5923,easel
5924,athletics
5925,shortest
5926,shutdown
5927,singapore
5928,carbon-cycle
5929,overgrazing
5930,plant-cell
5931,inoculate
5932,jet-engine
5933,tidal-turbine
5934,video-art
5935,break-the-rules
5936,arson
5937,control-unit
5938,direct-current
5939,headset
5940,physical-change
5941,spectroscopy
5942,spindle
5943,tennis-racket
5944,69
5945,tester
5946,would-you-like-a-drink?
5947,genetic-modification
5948,getting-around
5949,linseed-oil
5950,modification
5951,technological-solution
5952,job-centre
5953,score-2
5954,nosey
5955,circumference
5956,query
5957,relay
5958,electrical-energy
5959,venezuela
5960,baden-powell
5961,curriculum
5962,eye-protection
5963,reactive
5964,volcanic-eruption
5965,emitter
5966,maul
5967,joker
5968,optician
5969,gemini-(constellation)
5970,taurus-(constellation)
5971,you-want-more
5972,back-to-back
5973,sketchbook
5974,grunge
5975,rendering
5976,supporting-wall
5977,thermal
5978,selective-breeding
5979,site-manager
5980,antipodes
5981,british-food
5982,track-changes
5983,airbed
5984,owing
5985,redundancy
5986,special-needs
5987,fieldwork
5988,archery
5989,blast-furnace
5990,horse-racing
5991,verb
5992,corrosive
5993,tsunami
5994,hanging-valley
5995,sit-down-there
5996,alarm-clock
5997,building-regulations
5998,demonstrator
5999,electrical-impulse
6000,kilowatt
6001,kilowatt-hour
6002,look-2
6003,negative-charge
6004,positive-charge
6005,armpit
6006,celery
6007,grapefuit
6008,substitution
6009,hair-dry
6010,heat-energy
6011,vhs
6012,crafty
6013,ahem
6014,ba
6015,paddling-pool
6016,escarpment
6017,lathe
6018,underfloor-heating
6019,peru
6020,hair-texture
6021,straightener
6022,ellipse
6023,raw-data
6024,junk-mail
6025,assistant-director
6026,flush-handle
6027,toilet-cistern
6028,alligator
6029,elm-tree
6030,phone-back
6031,tennis-ball
6032,fuse-box
6033,knicker
6034,allergy
6035,duckling
6036,ray-of-light
6037,man-4
6038,algorithm
6039,comet
6040,inversely-proportional
6041,metres-per-second
6042,pfi
6043,prophecy
6044,fish-2
6045,hot-chocolate
6046,vacuum-flask
6047,flexion
6048,short-wave
6049,refrigator
6050,theodolite
6051,compliance
6052,electrode
6053,interface
6054,voltage
6055,multimedia
6056,mane
6057,fork-2
6058,trombone
6059,or-gate
6060,masking-tape
6061,dna-extraction
6062,give-to-me
6063,czech-rep
6064,do-you-feel-better
6065,oxidation
6066,cell-structure
6067,compressor
6068,revision
6069,fission
6070,two-weeks-2
6071,single-thread
6072,taiwan
6073,can-you-swim?
6074,insulator
6075,modern-face
6076,three-more
6077,food-additive
6078,river-mouth
6079,good-2
6080,rehydrate
6081,nuclear-fuel
6082,webcam
6083,ballroom-dancer
6084,cricket-bat
6085,plasticity
6086,vector
6087,home-3
6088,skis-on
6089,ferrous
6090,crt-monitor
6091,hymn-book
6092,i'm-in-pain
6093,application-form
6094,linguistics
6095,lift-2
6096,health-hazard
6097,invoice
6098,nepal
6099,transcript
6100,biomass-energy
6101,high-jump
6102,paralympics
6103,stepladder
6104,tendon
6105,mountain-climbing
6106,electrostatic
6107,rigel-(star)
6108,decimal
6109,operating-system
6110,toothbrush
6111,on-purpose
6112,amplitude
6113,anatomy
6114,embroidery
6115,girl-guides
6116,sewing-machine
6117,tuple
6118,share-with-me
6119,it's-sunny-today
6120,tomato-ketchup
6121,christmas-2
6122,moody
6123,ground-g
6124,hovercraft
6125,long-jump
6126,evaporated-milk
6127,amp
6128,indirect
6129,axle
6130,piston
6131,backhand
6132,collate
6133,crater
6134,systematic
6135,two-dimensional
6136,cricket-tea
6137,graphics-card
6138,floor-joist
6139,gable-end
6140,lunch-box
6141,sagging
6142,space-planning
6143,tensile
6144,flash-flood
6145,inverse
6146,recline
6147,rechargeable
6148,transformer
6149,potential-energy
6150,alloy
6151,earring
6152,nous
6153,pea-plant
6154,secret-code
6155,cold-front
6156,air-pressure
6157,me-grow-up
6158,anorak
6159,stirrips
6160,cardigan
6161,innate
6162,please-yourself
6163,sodium-hydroxide
6164,air-sac
6165,cellular-process
6166,exhaust-fumes
6167,cub-scout
6168,affliliate
6169,heart-rate-monitor
6170,metabolism
6171,pressure-sensor
6172,zonation
6173,can-2
6174,cockerel
6175,market-2
6176,off-the-field
6177,encryption
6178,password
6179,handsaw
6180,saw-2
6181,cleaning-cloth
6182,drive-over
6183,ball-bearing
6184,deodorant
6185,home-2
6186,fade-out
6187,car-registration
6188,cardiac
6189,programmer
6190,cooperate
6191,you-with-me
6192,good-illustration
6193,ct
6194,real-number
6195,peak-time
6196,private-collection
6197,sports-venue
6198,tadpole
6199,bassoon
6200,hand-held
6201,ocean-floor
6202,field-work
6203,hgv
6204,hard-copy
6205,three-steps
6206,turnip
6207,ice-lolly
6208,nitric-acid
6209,periodic-table
6210,heat-loss
6211,round-to-left
6212,viewfinder
6213,fast-growing
6214,statistical-evidence
6215,film-props
6216,neo
6217,configuration
6218,pegasus-(constellation)
6219,old-face
6220,quadrat
6221,replication
6222,starch
6223,water-basin
6224,sustainable-development
6225,herbal-tea
6226,transmission-system
6227,inflammation
6228,what-is-your-name?
6229,base-colour
6230,postcode
6231,valentine
6232,pre-production
6233,learning-centre
6234,sapling
6235,youth-centre
6236,gullet
6237,lumbar
6238,speed-bump
6239,by-contrast
6240,psalm
6241,betelgeuse-(star)
6242,stargazing
6243,where's-your-mother?
6244,smoke-cigarette
6245,warm-front
6246,hit-rate
6247,amylase
6248,maquette
6249,tablet
6250,recycle-bin
6251,superdrug
6252,node
6253,sedimentary-rock
6254,minced-beef
6255,st-patrick
6256,compliant
6257,fragmentation
6258,magnesium
6259,buttercup
6260,fireside
6261,limiting-factor
6262,macro-lens
6263,fade-in
6264,carling
6265,midpoint
6266,statute
6267,amendment
6268,carbon-monoxide
6269,deuce
6270,syntax
6271,effervescence
6272,usb-stick
6273,lactic-acid
6274,notify
6275,cappuccino
6276,congratulation
6277,polling-station
6278,morning-2
6279,private-view
6280,pitched-roof
6281,car-mat
6282,change-of-pace
6283,domain-name
6284,help-desk
6285,susceptibility
6286,asteroid
6287,body-fat
6288,blood-supply
6289,rose-wine
6290,fertility
6291,saturday-3
6292,car-wash
6293,wild-cherry-tree
6294,hacker
6295,memory-stick
6296,polaris-(star)
6297,morphology
6298,skipping-rope
6299,poor-you
6300,woman-2
6301,others-us
6302,clubhouse
6303,hair-condition
6304,hair-conditioner
6305,igneous-rock
6306,magma
6307,nineteen
6308,atrium
6309,out-of-date
6310,hearing-aid
6311,team-games
6312,jacket-potato
6313,positive-integer
6314,chopping-board
6315,lectern
6316,snorkling
6317,millimetre
6318,civil-partnership
6319,scree
6320,war-artist
6321,save-you-the-trouble
6322,hardening
6323,choir-stalls
6324,bib
6325,exemption
6326,tactile
6327,increment
6328,pole-vault
6329,litmus-paper
6330,viscous
6331,caustic
6332,infrared-radiation
6333,ultraviolet
6334,blackboard
6335,first-attempts
6336,compaction
6337,semicircle
6338,dehydration
6339,tutorial
6340,esc-key
6341,investiture
6342,virgin-mary
6343,browser
6344,repayment
6345,offer-to-me
6346,seminar
6347,discus
6348,jamboree
6349,tempering
6350,silversmithing
6351,you-pinch
6352,alopecia
6353,plantain
6354,head-2
6355,horse-saddle
6356,ceiling-height
6357,uv-lamp
6358,deposition
6359,fiji
6360,deflection
6361,metal-fatigue
6362,polymer
6363,speed-of-sound
6364,high-relief
6365,please-write-it-down
6366,search-engine
6367,median
6368,cityscape
6369,eco-design
6370,industrial-design
6371,avant-garde
6372,crown-of-thorns
6373,wrist-rest
6374,small-brush
6375,legal-implication
6376,weightlifting
6377,sharpener
6378,look-a-little-bit-like
6379,impasto
6380,intaglio
6381,x-ray
6382,dust-sheet
6383,look-similar-to
6384,sport-equipment
6385,this-last-week
6386,eye-2
6387,verification
6388,judo
6389,sans-serif
6390,serif
6391,constant-speed
6392,sainsburys
6393,vice-chancellor
6394,pea-pod
6395,putt
6396,andromeda-(constellation)
6397,anoint
6398,humerus
6399,mandible
6400,paypal
6401,op-art
6402,pop-art
6403,left-2
6404,graphic-equaliser
6405,phloem
6406,social-interaction
6407,back-to-there
6408,plantar
6409,ill-head
6410,hypocrite
6411,genetic-engineering
6412,leukaemia
6413,pvc
6414,stem-cell
6415,hypothermic
6416,photojournalism
6417,tig
6418,viscosity
6419,ring-network
6420,genus
6421,thin-section
6422,billiard
6423,terminal-velocity
6424,dry-rot
6425,backslash
6426,transgender
6427,headphone
6428,do-you-feel-sick?
6429,transpiration
6430,sound-level
6431,deformation
6432,oscilloscope
6433,normalise
6434,free-fall
6435,seismic-wave
6436,alley
6437,storage-box
6438,amniotic-sac
6439,those-individual
6440,code-of-practise
6441,see-you-2
6442,environmental-science
6443,inhalation
6444,progression
6445,decibel
6446,fahrenheit
6447,northern-lights
6448,hand-wash
6449,allergies
6450,light-pollution
6451,point-size
6452,delivery-method
6453,scroll-bar
6454,i'm-the-doctor
6455,word-of-god
6456,american-football
6457,solenoid
6458,compatible
6459,dilution
6460,hex
6461,antibody
6462,occupancy
6463,fructose
6464,furniture-around
6465,sheet-metal
6466,in-vitro
6467,osmosis
6468,liberal-democrat-party
6469,aphid
6470,especially-true
6471,motor-neurone
6472,airlock
6473,retrieval
6474,better-results
6475,bedroom-suite
6476,body-position
6477,configure
6478,hard-wired
6479,physiological
6480,testes
6481,big-brush
6482,hairbrush
6483,ion
6484,domestic-design
6485,laboratory-report
6486,minimalism
6487,saw-3
6488,sign-please
6489,boot-up
6490,cc
6491,decimal-point
6492,refraction
6493,toggle
6494,stage-manager
6495,bellybutton
6496,rate-of-production
6497,poor-quality
6498,it's-time-to-sleep
6499,home-visit
6500,look-3
6501,sandpaper
6502,steeplechase
6503,rounding-off
6504,headteacher
6505,clavicle
6506,where-does-it-hurt?
6507,d-orbital
6508,distal
6509,proximal
6510,reflux
6511,iso
6512,postgraduate-degree
6513,medial
6514,scalpel
6515,figurative
6516,palette-knife
6517,sarcasm
6518,biosphere
6519,church-pray
6520,blouse
6521,design-elements
6522,masking-fluid
6523,residency
6524,strip-light
6525,change-2
6526,ticket-inspector
6527,rotary-motion
6528,when-can-i-go-home?
6529,saxaphone
6530,online-shopping
6531,chocolate-egg
6532,absolute-zero
6533,pixel
6534,printout
6535,uranus-(planet)
6536,control-panel
6537,design-solution
6538,prefer-not-to-say
6539,plate-boundary
6540,subduction
6541,subduction-zone
6542,diptych
6543,palm-sunday
6544,data-analysis
6545,trachea
6546,copper-pipe
6547,are-you-bleeding
6548,evaluation
6549,i-am-a-nurse
6550,short-circuit
6551,bread-bin
6552,sternum
6553,blurred-vision
6554,dermis
6555,gullible
6556,parson
6557,on-slope
6558,setting-records
6559,bar-chart
6560,consolidation
6561,industrial-building
6562,sirius-(star)
6563,brachial
6564,anterior
6565,lactose
6566,self-portrait
6567,unsaturated-fat
6568,dienes
6569,objectivity
6570,ironing-board
6571,reply-all
6572,concave
6573,mouse-mat
6574,malted-barley
6575,clip-art
6576,twin-bed
6577,autocue
6578,remote-sensing
6579,respiration
6580,genetic-material
6581,oven-glove
6582,gesso
6583,appear-below
6584,hydrophobic
6585,redistribute
6586,technological-problem
6587,change-of-mind
6588,environmental-management
6589,sun-hat
6590,raft-up
6591,cough-medicine
6592,cut-and-paste
6593,displacement
6594,power-consumption
6595,sound-vibration
6596,fairway
6597,percussion
6598,half-sister
6599,money-change
6600,night-class
6601,christmas-holiday
6602,sanctify
6603,altar-rail
6604,transect
6605,sucrose
6606,accident-2
6607,overs
6608,semester
6609,triceps
6610,letterhead
6611,user-group
6612,saturday-2
6613,headingley
6614,face-wash
6615,done-good-job
6616,direct-access
6617,my-name-is-scott
6618,tag-rugby
6619,stylus
6620,that-row
6621,antidepressant
6622,sound-detector
6623,venn-diagram
6624,virgo-(constellation)
6625,umpire
6626,instagram
6627,melting-point
6628,propeller-shaft
6629,vertebrate
6630,aseptic
6631,digital-media
6632,programming-language
6633,vertigo
6634,assemblage
6635,list-2
6636,rev-counter
6637,toner
6638,transverse
6639,paperclip
6640,web-page
6641,righteousness
6642,mid-age
6643,electromagnetism
6644,quantum-mechanics
6645,big-extensive
6646,mother-in-law
6647,geothermal
6648,magma-chamber
6649,breaktime
6650,flatworm
6651,break-dance
6652,menu-bar
6653,sinning
